TICKER, CUR_RATIO, CUR_RATIO_AV, CUR_RATIO_CMP_TO_AV, PRICE_TO_BOOK, EARNING_GROWTH_YOY, EARNING_GROWTH_AV, EARNING_GROWTH_CMP_TO_AV, ALTMAN_ZSCORE, DIVIDEND_YIELD
MMM, 1.857291531156498, 1.7200425152843348, 0.1372490158721631, 11.224853642363104, -0.037366548042704624, -0.7641364945633503, 0.7267699465206456, 1.8605722173643693, 0.028300000000000002
ABT, 2.2606597845601435, 2.2518869079741397, 0.008772876586003786, 1.6126471284843533, -0.6679209783631233, 0.21241238113843916, -0.8803333595015624, 0.6713831715676593, 0.016
ABBV, 1.2753440298059011, 2.400151267157737, -1.1248072373518359, 21.762548188377057, -0.10818074920208298, -0.092517543328727, -0.015663205873355984, 1.0785578193819059, 0.0479
ACN, 1.3382478549759544, 1.554371715684612, -0.21612386070865752, 10.004951809995564, 0.15946983327335973, 3.489899179315104, -3.3304293460417442, 2.821262126375246, 0.0184
ATVI, 1.77996177996178, 1.8617676930527631, -0.08180591309098317, 3.071864482684403, -0.717391304347826, 0.31319553523993765, -1.0305868395877638, 0.82013586898754, 0.0049
AAP, 1.559408257873272, 1.559408257873272, 0.0, 3.182283302330569, 0.03455665742719017, 0.03455665742719017, 0.0, 1.7172695161101712, 0.0015
AES, 1.0613802256138023, 1.1962011167261053, -0.134820891112303, 1.3601049917858266, -1.774869109947644, -1.174820109399051, -0.600049000548593, 0.5517004284910129, 0.0353
AET, 0.912098354813803, 1.1465796052782662, -0.23448125046446322, 2.2788712254394814, -0.15558510638297873, 0.7314515521814611, -0.8870366585644398, 1.4127508347996243, 0.01
AMG, 1.6372748895684675, 3.7145084825912247, -2.0772335930227572, 1.7645615887021278, 0.36495263870094724, 0.2249034760529996, 0.14004916264794764, 0.7855519013651469, 0.0106
AFL, 0.4359972677595628, 2.2786661789894374, -1.8426689112298744, 1.3154105953650337, 0.7314779992478375, 0.7542065809228914, -0.02272858167505387, 0.23966296550843036, 0.024300000000000002
A, 3.3008709422011084, 2.2518869079741397, 1.0489840342269687, 10.195645796498015, 0.4805194805194805, 0.21241238113843916, 0.2681070993810414, 1.4075823458083454, 0.0091
APD, 2.3610687022900763, 1.6772080735520536, 0.6838606287380227, 2.597467330666486, 0.029590017825311943, -0.05997742281686289, 0.08956744064217484, 1.0597019767279137, 0.028300000000000002
ALK, 0.7948148148148149, 0.6173616932359995, 0.17745312157881532, 2.604943335675029, 0.2702702702702703, 0.06027936977804329, 0.209990900492227, 1.2334575853303735, 0.020099999999999996
ALB, 2.0630455690405314, 1.851588995265958, 0.21145657377457328, 0.9201676230039172, -0.7921853258621339, 0.24874152948010178, -1.0409268553422357, 0.9024546749658895, 0.0127
ARE, 1.7826500071262292, 3.5482943954945076, -1.7656443883682784, 1.3120378356514595, 4.8997570232333985, 0.9324134170656921, 3.9673436061677063, 0.23649471779944145, 0.0304
ALLE, 2.2411024305555554, 2.4624523102639033, -0.22134987970834796, 20.198442943597374, 0.1967993079584775, 0.2744743456225603, -0.07767503766408279, 2.02793110484787, 0.0096
AGN, 1.1552177577400717, 2.400151267157737, -1.2449335094176652, 1.5630897311346454, -2.974331550802139, -0.092517543328727, -2.881814007473412, 0.10409983042376696, 0.0182
ADS, 2.43484088422837, 1.5664104703827437, 0.8684304138456262, 5.1743782623800945, 0.5237635239567233, 0.5519058347009648, -0.02814231074424145, 1.0029694697065341, 0.011000000000000001
LNT, 0.42117263843648206, 0.6374332984974767, -0.2162606600609946, 2.1408917615742182, 0.21963616907437133, 0.3800845225216797, -0.16044835344730835, 0.3307612412652218, 0.0313
ALL, 0.6932606541129831, 0.6761028482688358, 0.017157805844147278, 1.342522799076724, 0.6989877464038359, -3.1757702101879763, 3.874757956591812, 0.42996451746521924, 0.020499999999999997
MO, 0.6395759717314488, 0.9962069809791188, -0.35663100924767, 7.578026313401088, -0.2820134793597304, -0.203696394852279, -0.07831708450745142, 1.4781084839957195, 0.050300000000000004
AEE, 0.5482993197278911, 0.8043503902413289, -0.2560510705134378, 1.8511860459500284, -0.19726858877086495, 0.29707526106145066, -0.4943438498323156, 0.3830556366127138, 0.029500000000000002
AAL, 0.6112002138465651, 0.6173616932359995, -0.006161479389434454, 5.821915229930803, -0.2828849028400598, 0.06027936977804329, -0.34316427261810306, 1.0441254210505875, 0.011399999999999999
AEP, 0.5141997025860505, 0.6374332984974767, -0.12323359591142613, 1.9734500834117994, 2.108622078968574, 0.3800845225216797, 1.728537556446894, 0.3809178857576847, 0.036699999999999997
AXP, 1.7679759214232924, 0.8608531355395896, 0.9071227858837028, 3.793527419622354, -0.4940828402366864, -0.29894619198377087, -0.19513664825291555, 0.6645781014166239, 0.015
AIG, 0.5917532731802706, 0.6761028482688358, -0.08434957508856522, 0.5565618020773186, -22.397683397683398, -3.1757702101879763, -19.22191318749542, 0.0026660102264672025, 0.031
AMT, 0.8109151705744199, 1.1759227553980418, -0.36500758482362194, 9.334929073370487, 0.2627782357790602, 0.3369287316452216, -0.0741504958661614, 0.4622895521629592, 0.0207
AWK, 0.3096774193548387, 0.3096774193548387, 0.0, 2.664028578111378, -0.08974358974358974, -0.08974358974358974, 0.0, 0.3090174148933653, 0.0206
AMP, 2.491346629306082, 3.7145084825912247, -1.2231618532851427, 2.822459770275548, 0.1263318112633181, 0.2249034760529996, -0.09857166478968149, 0.2395627567420734, 0.0277
ABC, 0.906225276785343, 1.958814415235984, -1.052589138450641, 3.320662839040624, -0.744746412461684, -0.583768521768018, -0.16097789069366608, 4.454261149100635, 0.0167
AME, 1.6990584571554534, 1.7594150023045914, -0.06035654514913791, 3.7163179709904246, 0.33058548338598637, 0.2631886028066202, 0.06739688057936616, 1.1936247960389026, 0.0078000000000000005
AMGN, 5.485144124168515, 3.2361879259361426, 2.248956198232372, 4.563555675594043, -0.7437192437192437, -0.7286916900874028, -0.01502755363184094, 1.3589209899870591, 0.0274
APH, 2.9479549195897174, 2.8493280362984423, 0.09862688329127511, 6.428619577755569, -0.20646168628392986, -0.670483887796904, 0.4640222015129742, 1.6373525537455458, 0.0102
APC, 1.7311827956989247, 1.260509387911391, 0.47067340778753364, -1.0677566256478954, 0.9248575498575499, 2.5699793866213905, -1.6451218367638405, 0.2107861523046815, 0.0182
ADI, 1.4729630177181188, 3.9100322019355396, -2.437069184217421, 1.6833665473926207, -0.15598307460912839, 0.3208159335329324, -0.4767990081420608, 0.5736879084572, 0.0218
ANTM, 1.5526117485870867, 1.1465796052782662, 0.40603214330882054, 2.360235142168106, 0.5559154587415985, 0.7314515521814611, -0.17553609343986254, 1.806991179825984, 0.0113
AON, 1.0722853782830262, 1.1262116075084367, -0.05392622922541057, 4.585931030665635, -0.6528332003192339, -0.10621313895300825, -0.5466200613662257, 0.6564881078307863, 0.0103
AOS, 2.240710209258085, 2.4624523102639033, -0.22174210100581826, 4.5975993914649065, -0.09188361408882083, 0.2744743456225603, -0.36635795971138113, 1.9746578786684328, 0.0183
APA, 1.452808112324493, 1.260509387911391, 0.1922987244131018, 2.826088072025833, 2.212096774193548, 2.5699793866213905, -0.35788261242784225, 0.5320075833155693, 0.0275
AIV, 0.4452973776754163, 0.3158827739306347, 0.1294146037447816, 3.6248044762472422, -0.28181586804973585, -0.2195170151690129, -0.062298852880722955, 0.3176830922531453, 0.0353
AAPL, 1.2760628484139107, 1.5005950354721882, -0.2245321870582775, 6.847714375880469, 0.058309803664061986, -0.05098264240179553, 0.10929244606585752, 1.421971755873149, 0.0131
AMAT, 3.139246658566221, 3.436901667458752, -0.29765500889253094, 4.028619647473168, 0.9953515398024404, 0.43082866448006685, 0.5645228753223736, 2.199532138708938, 0.0226
APTV, 1.593502824858757, 1.5272478663300877, 0.06625495852866936, 5.035074232800415, 0.22465437788018433, 1.1207541552322269, -0.8960997773520425, 1.802421480099555, 0.011399999999999999
ADM, 1.585123309466985, 1.585123309466985, 0.0, 1.2404263965440192, 0.24378881987577639, 0.24378881987577639, 0.0, 1.9247689409542348, 0.0275
ARNC, 2.258498583569405, 1.7158010340900391, 0.542697549479366, 0.3849576890115661, 0.9303201506591338, 0.03969249239827617, 0.8906276582608575, 1.1319865464857617, 0.0118
AJG, 1.0525822934267044, 1.1262116075084367, -0.07362931408173234, 3.008252693410583, 0.12179775280898876, -0.10621313895300825, 0.22801089176199701, 0.694706976010731, 0.022000000000000002
AIZ, 0.9254276563399406, 1.4207696144619684, -0.49534195812202775, 1.5486782193961575, -0.08100459851432613, 0.5450633191234475, -0.6260679176377737, 0.23754753860045538, 0.0231
T, 0.9724409932546167, 0.9137921114347897, 0.05864888181982708, 1.2581212932222585, 1.238580964524113, 1.2341445814090293, 0.004436383115083764, 0.6273039652261545, 0.06559999999999999
ADP, 1.0538048767656574, 1.1956568259172373, -0.14185194915157995, 18.063879269658766, -0.06495904003692166, -0.20418544688480292, 0.13922640684788126, 0.7005633471322898, 0.0196
AVB, 0.7233056615599568, 0.3158827739306347, 0.4074228876293221, 2.357139396300119, -0.15192684974867177, -0.2195170151690129, 0.06759016542034113, 0.3247938411174866, 0.0335
AVY, 1.134952834973121, 1.5806896732264064, -0.44573683825328536, 8.338013471364631, -0.12129716245712503, 0.9462140274926746, -1.0675111899497995, 1.8978366576471815, 0.0223
BHGE, 2.0792401933235922, 1.978454900755383, 0.10078529256820912, 4.33410767620555, -0.0, 0.251231262449366, -0.251231262449366, 0.5351937857862793, 0.0264
BLL, 0.9150231312393474, 0.9150231312393474, 0.0, 3.5467618031025445, 0.42857142857142855, 0.42857142857142855, 0.0, 0.8503923284767407, 0.0084
BAC, 0.3848366269690253, 0.3373269742753228, 0.0475096526937025, 0.9120265197353558, 0.0230052743799798, -0.13352811184746935, 0.15653338622744914, -0.5420403105693365, 0.0216
BK, 0.5035892691336167, 3.7145084825912247, -3.210919213457608, 1.104699081720007, 0.15952649379932357, 0.2249034760529996, -0.06537698225367602, -0.4240259766621363, 0.0236
BAX, 2.574618929457639, 2.2518869079741397, 0.3227320214834992, 3.0815463328521444, -0.8542086186065244, 0.21241238113843916, -1.0666209997449636, 1.2818631291173195, 0.0121
BBT, 0.027928728652298663, 0.0646410923820023, -0.03671236372970364, 1.087061223063409, -0.011056511056511056, 0.3262294481086683, -0.33728595916517934, -0.8183175944213323, 0.0329
BDX, 5.575703171753441, 2.2518869079741397, 3.323816263779301, 8.20606676873071, 0.12704918032786885, 0.21241238113843916, -0.0853632008105703, 1.0454623561929264, 0.0128
BBY, 1.2573877446590764, 1.2573877446590764, 0.0, 5.679920461533632, -0.17232808616404308, -0.17232808616404308, 0.0, 4.020605074484983, 0.0246
BLK, 1.3056282722513088, 3.7145084825912247, -2.408880210339916, 1.8495528769305958, 0.5794952681388013, 0.2249034760529996, 0.35459179208580166, 0.21390047421890868, 0.030299999999999997
HRB, 2.242293317971531, 2.242293317971531, 0.0, 15.028393500741439, 0.48938864431705065, 0.48938864431705065, 0.0, 2.4850094870052395, 0.0378
BA, 1.158026622118751, 1.7158010340900391, -0.5577744119712882, 458.5541849648103, 0.6745658835546476, 0.03969249239827617, 0.6348733911563714, 1.611943107598861, 0.018799999999999997
BWA, 1.4609929078014185, 1.5272478663300877, -0.06625495852866914, 2.0520692639875717, 2.0168539325842696, 1.1207541552322269, 0.8960997773520427, 1.6202209175637234, 0.0166
BXP, 2.773619326363351, 3.5482943954945076, -0.7746750691311566, 2.451788128845639, -0.013151407863826084, 0.9324134170656921, -0.9455648249295182, 0.3957271475123694, 0.0317
BMY, 1.5532782599602635, 1.958814415235984, -0.4055361552757206, 19.188542809712725, -0.7836698469048148, -0.583768521768018, -0.19990132513679681, 1.3776620122703427, 0.030699999999999998
AVGO, 6.256623171213919, 3.9100322019355396, 2.3465909692783793, 0.6258633750412966, 2.023441966838193, 0.3208159335329324, 1.7026260333052607, 0.8340498274510841, 0.0305
BR, 1.2750546764441013, 1.5664104703827437, -0.2913557939386424, 12.858831565404799, 0.30936352509179926, 0.5519058347009648, -0.2425423096091655, 2.1668614301573643, 0.0166
CHRW, 1.2633964443867491, 1.5494055595970722, -0.286009115210323, 7.975459240739666, -0.016539276642824865, 0.26845073208320075, -0.2849900087260256, 4.4320484976741295, 0.0202
CA, 1.3273110508882866, 1.8148120726165584, -0.4875010217282718, 3.238600906966988, -0.3858064516129032, -0.1850156392629526, -0.2007908123499506, 0.7839910637147354, 0.023
COG, 1.214121101499881, 1.260509387911391, -0.04638828641151016, 3.351440789605776, 1.2406790306959081, 2.5699793866213905, -1.3293003559254823, 0.41133617168344105, 0.0115
CPB, 0.6388425153032833, 0.9697543064072078, -0.33091179110392455, 8.366376463015971, -0.705749718151071, 0.4459209274156981, -1.1516706455667691, 0.8685007300126998, 0.0369
COF, 0.07018253212293218, 0.8608531355395896, -0.7906706034166575, 0.6122950337564025, -0.43846153846153846, -0.29894619198377087, -0.1395153464777676, -0.7227843645477454, 0.0179
CAH, 1.0725112479797319, 1.958814415235984, -0.8863031672562522, 2.7867131942792183, -0.7998454404945904, -0.583768521768018, -0.21607691872657242, 3.647593637584583, 0.0377
CCL, 0.18136363636363637, 0.38440904300669604, -0.20304540664305967, 1.4012092762391795, -0.062252608852105075, 32.03265474773529, -32.0949073565874, 0.5702700192054304, 0.0346
CAT, 1.34580966172812, 1.8713136490337563, -0.5255039873056362, 1.3533633533866225, 13.864406779661017, 8.03772380386156, 5.826682975799457, 0.9895224525526105, 0.0276
CBOE, 1.301497005988024, 1.2927580645957133, 0.008738941392310684, 3.2275535478060178, 1.1572428648357567, 1.7015408230865319, -0.5442979582507752, 0.8598632848448101, 0.011899999999999999
CBS, 1.5793051359516617, 4.086385161119822, -2.5070800251681606, 10.163233317496479, -0.1565721649484536, -0.8901764906697363, 0.7336043257212826, 1.325889042017067, 0.0123
CNP, 1.1062235255783643, 0.8043503902413289, 0.3018731353370354, 2.9031165698326995, 3.1481481481481484, 0.29707526106145066, 2.8510728870866977, 0.7064484983978918, 0.0408
CTL, 0.8634959851760345, 0.9137921114347897, -0.050296126258755125, 0.6754806194622655, 1.218849840255591, 1.2341445814090293, -0.015294741153438318, 0.3431962961413568, 0.105
CF, 2.5258620689655173, 2.1506742176907077, 0.3751878512748097, 1.3866531511112856, 3.848101265822785, 0.28827143890173423, 3.5598298269210504, 0.488622244068819, 0.0235
SCHW, 0.32246155807030163, 1.7459881671357311, -1.4235266090654295, 2.7177415152528654, 0.24616199047114876, 0.02758941954104759, 0.21857257093010116, -0.6850593507207602, 0.011200000000000002
CVX, 1.0296715578469193, 1.4580300433734539, -0.42835848552653455, 1.1221991969676968, 22.505800464037122, 8.075697800092525, 14.430102663944597, 0.6040688705151905, 0.0403
CB, 0.36648405054343025, 0.6761028482688358, -0.30961879772540557, 1.1689292354636658, -0.06626360338573156, -3.1757702101879763, 3.1095066068022446, -0.10140690486186082, 0.0233
CHD, 1.0697326203208557, 1.1032485722217338, -0.03351595190087808, 6.721910854761979, 0.6196078431372549, 0.16901269711744352, 0.45059514601981143, 1.2399214601034263, 0.0134
CI, 0.8560455738334507, 1.1465796052782662, -0.2905340314448155, 3.4226493142226673, 0.21106890938686923, 0.7314515521814611, -0.5203826427945919, 0.9179240430723971, 0.0002
XEC, 1.3767963459461368, 1.260509387911391, 0.11628695803474565, 2.5126350383429252, 2.209210793462866, 2.5699793866213905, -0.3607685931585243, 1.071731118216808, 0.0089
CINF, 1.194672131147541, 0.6761028482688358, 0.5185692828787052, 1.7835604933058027, 0.7681895093062606, -3.1757702101879763, 3.943959719494237, 0.47434603450694934, 0.027000000000000003
CTAS, 2.5493512335391704, 2.5534865351987626, -0.004135301659592194, 6.316158342425272, 0.7143144552861885, 0.3872717964186008, 0.3270426588675877, 1.7881054688069353, 0.0113
CSCO, 2.287294248196782, 2.3761607836829226, -0.08886653548614065, 5.820294417183594, -0.9885523987927984, -0.25857912136939964, -0.7299732774233988, 1.2282819393963942, 0.028900000000000002
C, 0.502913679261787, 0.3373269742753228, 0.16558670498646416, 0.8666982944737681, -1.4408301736180402, -0.13352811184746935, -1.3073020617705708, -0.42349436120748785, 0.0273
CFG, 0.03896840857118659, 0.0646410923820023, -0.025672683810815715, 0.7854821928952762, 0.5808612440191387, 0.3262294481086683, 0.25463179591047047, -0.8432257729176489, 0.028900000000000002
CTXS, 1.5538235020411018, 1.1956568259172373, 0.35816667612386444, 3.6739561548080104, -0.9532089687243936, -0.20418544688480292, -0.7490235218395908, 1.0600075900358448, 0.013600000000000001
CLX, 1.0925, 1.1032485722217338, -0.010748572221733754, 27.83136403242416, 0.17069701280227595, 0.16901269711744352, 0.0016843156848324325, 2.203338536546217, 0.025
CME, 1.0270094519945088, 1.2927580645957133, -0.2657486126012045, 2.584429900513163, 1.6487191187015189, 1.7015408230865319, -0.05282170438501299, 0.24363925082050963, 0.0152
CMS, 0.8890086206896551, 0.8043503902413289, 0.08465823044832621, 2.5694934561335114, -0.16455696202531644, 0.29707526106145066, -0.4616322230867671, 0.4930046223807163, 0.0294
KO, 1.3438626167536956, 2.193522214948333, -0.8496595981946375, 5.3378368041449145, -0.8195419847328245, -0.2995375380290668, -0.5200044467037577, 0.9119338975412512, 0.0326
CTSH, 3.2092286016202887, 1.554371715684612, 1.6548568859356767, 3.9432572020459355, -0.031551835157759174, 3.489899179315104, -3.5214510144728632, 2.172422103579032, 0.0116
CL, 1.3612089201877935, 1.1032485722217338, 0.2579603479660597, 218.14709380673258, -0.15931941221964424, 0.16901269711744352, -0.3283321093370878, 2.5964884671051096, 0.027999999999999997
CMCSA, 0.7448634107879969, 0.5518871042826623, 0.1929763065053346, 2.421192342012732, 1.5317855168601437, 1.209683232371489, 0.32210228448865474, 0.8989016905708782, 0.02
CMA, 0.16354413949754923, 0.3373269742753228, -0.1737828347777736, 1.3165019105619382, 0.5576519916142557, -0.13352811184746935, 0.6911801034617251, -0.7633244961491282, 0.028999999999999998
CAG, 0.8299375053505693, 0.9697543064072078, -0.13981680105663852, 3.616013796195572, 0.4606227106227106, 0.4459209274156981, 0.014701783207012487, 1.2219946194257687, 0.0239
COP, 1.75715653932106, 1.260509387911391, 0.49664715140966886, -0.4736623493792817, 0.7771846024164091, 2.5699793866213905, -1.7927947842049814, 0.6265719602291533, 0.0175
ED, 0.7215422276621787, 0.6374332984974767, 0.08410892916470203, 1.483957176514214, 0.2248995983935743, 0.3800845225216797, -0.1551849241281054, 0.4398200041462939, 0.0378
STZ, 1.7863937882449734, 0.0, 1.7863937882449734, 3.4816128651569973, 0.5142931392931392, 0.0, 0.5142931392931392, 1.0177205358405244, 0.0149
COO, 2.4064630143903054, 2.276192660588779, 0.13027035380152663, 12.045263904476203, 0.35649327028010186, -1.339041298236357, 1.695534568516459, 1.0095939454950922, 0.0002
GLW, 2.750701153007167, 2.8493280362984423, -0.09862688329127511, 0.8815868138127295, -1.1345060893098782, -0.670483887796904, -0.46402220151297413, 0.7848208129638259, 0.0218
COST, 1.0182174043962662, 0.8890325442276539, 0.1291848601686123, 7.863981342573063, 0.17133382461311716, -0.046215827496142045, 0.2175496521092592, 3.951391437464511, 0.009899999999999999
COTY, 0.9028189910979229, 1.1973766234695107, -0.29455763237158783, 0.6393517894549283, 0.679297365119197, 0.17865410034376406, 0.500643264775433, 0.4812650002255615, 0.045700000000000005
CCI, 0.8774830080443811, 1.1759227553980418, -0.29843974735366074, 3.651240575641203, 0.24533228003238342, 0.3369287316452216, -0.09159645161283816, 0.26489166618428117, 0.0414
CSX, 1.0110876451953537, 0.8931013007794028, 0.1179863444159509, 3.4578029824654903, 2.191948658109685, 1.7427233045534662, 0.44922535355621873, 0.8933238016752869, 0.0126
CMI, 1.5726616170512595, 1.6994079440295078, -0.12674632697824828, 2.7557800272283797, -0.3173076923076923, -0.005042831670608715, -0.3122648606370836, 1.7889754666322804, 0.0321
CVS, 1.0189571913338553, 1.1885363936187203, -0.169579202284865, 4.482549690649594, 0.24642857142857144, 0.3893084232959508, -0.14287985186737934, 2.396428577203625, 0.0269
DHI, 6.016922995050822, 6.2096348730006525, -0.19271187794983025, 1.4660606656129929, 0.17161232088457634, -0.08038392697783786, 0.2519962478624142, 2.647866331014253, 0.013500000000000002
DHR, 1.4293762911336936, 2.2518869079741397, -0.8225106168404461, 2.4358301375113447, 0.1469304355902294, 0.21241238113843916, -0.06548194554820977, 0.7470661257707245, 0.0064
DRI, 0.39985554351751534, 1.4192595064861586, -1.0194039629686433, 5.695604509945815, 0.25139896373056997, 1.4765865718805071, -1.225187608149937, 1.9283159236169587, 0.0286
DE, 2.142098267688627, 2.142098267688627, 0.0, 5.029377512777508, 0.419125862635557, 0.419125862635557, 0.0, 1.1053316841838776, 0.0196
DAL, 0.4223334948581274, 0.6173616932359995, -0.19502819837787216, 2.861759245505626, -0.18202606906014177, 0.06027936977804329, -0.24230543883818506, 0.989447231622663, 0.025
XRAY, 2.0979570455735987, 2.276192660588779, -0.17823561501518004, 1.1801669142801243, -4.593648585999073, -1.339041298236357, -3.254607287762716, 0.4616184731714549, 0.0101
DVN, 1.4452488687782805, 1.260509387911391, 0.1847394808668894, -5.220494545693688, 1.739368998628258, 2.5699793866213905, -0.8306103879931326, 0.679821014701757, 0.0097
DLR, 0.712930178481394, 1.1759227553980418, -0.46299257691664786, 2.4198769701475147, -0.4065860526291415, 0.3369287316452216, -0.743514784274363, 0.19891982680231504, 0.0382
DFS, 1.4101703893352167, 0.8608531355395896, 0.549317253795627, 2.1627735894514997, -0.1228583368157125, -0.29894619198377087, 0.17608785516805836, 0.4368543639487035, 0.022799999999999997
DG, 1.4327240446318532, 1.499004493948883, -0.0662804493170297, 4.444515482951167, 0.23005307988838916, 0.4462278680465824, -0.21617478815819322, 2.704469490241965, 0.0104
D, 0.4497716894977169, 0.6374332984974767, -0.18766160899975975, 2.510982576491639, 0.4104882459312839, 0.3800845225216797, 0.030403723409604233, 0.3178572377060258, 0.0475
DOV, 1.3954963747605185, 1.6994079440295078, -0.3039115692689893, 3.3202418038097186, 0.5949651399511094, -0.005042831670608715, 0.6000079716217182, 1.2526870416563354, 0.023
DWDP, 1.9095606246172687, 1.7476662860725092, 0.16189433854475954, 0.9804628082162845, -0.6210263396911898, -0.0025969882390756704, -0.6184293514521142, 0.6125892458761407, 0.026099999999999998
DTE, 1.0956614509246088, 0.8043503902413289, 0.29131106068327983, 1.9549472922383406, 0.3333333333333333, 0.29707526106145066, 0.03625807227188266, 0.5923435883393082, 0.0315
DUK, 0.6772151898734177, 0.6374332984974767, 0.039781891375941014, 1.552059809355999, 0.1908456167571761, 0.3800845225216797, -0.18923890576450358, 0.3105523624278987, 0.0454
DXC, 0.9761469752334552, 1.554371715684612, -0.5782247404511568, 1.4439423921406453, 18.82, 3.489899179315104, 15.330100820684896, 1.0860742188471577, 0.0106
EMN, 1.5857719475277496, 1.7476662860725092, -0.16189433854475954, 2.086008099250183, 0.6158323632130385, -0.0025969882390756704, 0.6184293514521142, 1.1467931123737347, 0.0274
ETN, 1.6427586206896552, 1.7594150023045914, -0.11665638161493619, 1.8109633890060015, 0.5560187597707139, 0.2631886028066202, 0.2928301569640937, 1.1280143537976435, 0.0358
ECL, 1.3393554402937233, 1.851588995265958, -0.5122335549722348, 5.740054449104564, 0.22075214497634513, 0.24874152948010178, -0.027989384503756654, 1.2127346390212597, 0.010700000000000001
EIX, 0.5275891341256367, 0.6374332984974767, -0.10984416437183997, 2.1079086118975843, -0.5782945736434109, 0.3800845225216797, -0.9583790961650905, 0.31295418706073, 0.0355
EMR, 1.6356788899900891, 1.7594150023045914, -0.12373611231450221, 4.123863711978139, 0.034589252625077206, 0.2631886028066202, -0.228599350181543, 1.5511375202013353, 0.0277
ETR, 0.6523423282641083, 0.6374332984974767, 0.014909029766631665, 2.555162226788502, 1.7052763965470565, 0.3800845225216797, 1.3251918740253767, 0.3385655113119271, 0.043899999999999995
EOG, 1.2031030892204193, 1.260509387911391, -0.0574062986909718, 2.525232990602766, 3.354893743514552, 2.5699793866213905, 0.7849143568931614, 0.6427739647415128, 0.008199999999999999
EQT, 0.9438565795378648, 1.260509387911391, -0.3166528083735263, -3.0715879931954504, 15.177471902825358, 2.5699793866213905, 12.607492516203967, 0.3186256956595015, 0.0034000000000000002
EFX, 0.5965939647445474, 0.7301478012034385, -0.13355383645889107, 4.664020644261459, 0.20783680064633409, 0.5558172065594899, -0.34798040591315577, 0.8466373530443934, 0.0149
EQIX, 1.787073500845716, 1.1759227553980418, 0.6111507454476741, 3.849083756453851, 1.036413537514859, 0.3369287316452216, 0.6994848058696375, 0.4651933552239095, 0.0241
EQR, 0.15878215786609254, 0.3158827739306347, -0.15710061606454215, 2.354710581821548, -0.8597234208696964, -0.2195170151690129, -0.6402064057006835, 0.2679236898192762, 0.0333
ESS, 0.36817943703289796, 0.3158827739306347, 0.052296663102263274, 3.1620139447061772, 0.04478228142606236, -0.2195170151690129, 0.26429929659507523, 0.25603704638834235, 0.0294
EL, 1.8634441087613294, 1.1973766234695107, 0.6660674852918187, 11.444537047032998, -0.1106687898089172, 0.17865410034376406, -0.28932289015268126, 2.083084788767031, 0.0121
EVRG, 0.8826453745643225, 0.6374332984974767, 0.2452120760668458, 2.1067819129822336, -0.06823920265780731, 0.3800845225216797, -0.448323725179487, 0.4429672275098228, 0.032799999999999996
ES, 0.6929695782582832, 0.8043503902413289, -0.11138081198304572, 1.7702580641854362, 0.04810801193066904, 0.29707526106145066, -0.2489672491307816, 0.3926847101558594, 0.0322
RE, 0.9173817338140362, 0.9173817338140362, 0.0, 2.4087206871830045, -0.5293111616068346, -0.5293111616068346, 0.0, 0.3516705472870434, 0.023700000000000002
EXC, 1.0961467210077807, 0.8043503902413289, 0.29179633076645173, 1.3362513220750663, 2.196843853820598, 0.29707526106145066, 1.8997685927591474, 0.47864960255284444, 0.0316
EXPE, 0.7031104155640088, 1.6284850098813055, -0.9253745943172967, 4.461330284349124, 0.42127944581587157, -0.08551133086798461, 0.5067907766838562, 0.5396419353014161, 0.01
EXPD, 2.324954556640219, 1.5494055595970722, 0.7755489970431471, 5.475453008249862, 0.1337470204585546, 0.26845073208320075, -0.13470371162464614, 3.741804949701705, 0.013000000000000001
EXR, 1.2848019324511022, 1.1759227553980418, 0.10887917705306038, 4.401804717891467, 0.2949792112095777, 0.3369287316452216, -0.04194952043564387, 0.5001073598182102, 0.0381
XOM, 0.8158764778175901, 1.4580300433734539, -0.6421535655558638, 1.7006325395586124, 1.369910447761194, 8.075697800092525, -6.705787352331331, 0.87430784061439, 0.0407
FAST, 5.514814814814815, 2.4624523102639033, 3.0523625045509117, 5.622096904954933, 0.15859030837004406, 0.2744743456225603, -0.11588403725251623, 3.4500350532529205, 0.030899999999999997
FRT, 1.4487803495646383, 0.9085484195347314, 0.5402319300299069, 3.869330872965812, 0.1505969878284785, -0.047832060454382375, 0.19842904828286087, 0.40318947633290986, 0.032799999999999996
FDX, 1.3857899657214086, 1.5494055595970722, -0.1636155938756636, 3.013001489383303, 0.5255255255255256, 0.26845073208320075, 0.2570747934423248, 1.7902105985624786, 0.0116
FIS, 0.9191944940096864, 1.1956568259172373, -0.2764623319075509, 2.9973345415656407, 1.295415959252971, -0.20418544688480292, 1.499601406137774, 0.6600802693443653, 0.0123
FITB, 0.06423016408181614, 0.0646410923820023, -0.00041092830018615856, 0.9640026208654078, 0.4064102564102564, 0.3262294481086683, 0.08018080830158814, -0.8102461373239671, 0.026600000000000002
FE, 0.7623252391464312, 0.6374332984974767, 0.12489194064895459, 10.21229780149481, 0.7209001133236199, 0.3800845225216797, 0.34081559080194024, 0.43946700854101245, 0.038599999999999995
FLIR, 3.512542633813837, 3.512542633813837, 0.0, 3.144869495281928, -0.3565049872168809, -0.3565049872168809, 0.0, 1.4908716819806171, 0.0134
FLS, 2.0586761047478976, 1.6994079440295078, 0.35926816071838985, -0.5317133036670791, -0.9680665820618009, -0.005042831670608715, -0.9630237503911921, 1.2567930504000184, 0.0163
FLR, 1.567149016415, 1.6820194959252943, -0.11487047951029439, 1.843862145803495, -0.19233529496196355, 0.24498227403659165, -0.43731756899855523, 2.55183495622939, 0.0187
FMC, 1.6532542771793246, 2.1506742176907077, -0.49741994051138305, -0.3461149959872509, -1.6373374139250192, 0.28827143890173423, -1.9256088528267534, 0.6718753788166798, 0.008100000000000001
FL, 4.141233766233766, 2.182022008836456, 1.95921175739731, 2.1499856901502072, -0.572289156626506, -0.022982886853272544, -0.5493062697732335, 3.30508484005461, 0.0288
F, 1.2251797040169132, 1.059618074143975, 0.16556162987293832, 1.2065165814309062, 0.6557412632949859, -0.15432809529176694, 0.8100693585867529, 0.8359446040020303, 0.0646
FTV, 1.832865256194221, 1.6994079440295078, 0.13345731216471313, 6.320322341290819, 0.19740914822882036, -0.005042831670608715, 0.20245197989942906, 1.3596466395214157, 0.0037
FBHS, 1.766321129245699, 2.4624523102639033, -0.6961311810182043, 2.8460181939246714, 0.15252182347235693, 0.2744743456225603, -0.12195252215020336, 1.663875943907132, 0.017
BEN, 11.676305220883535, 3.7145084825912247, 7.9617967382923105, 3.0848191552361763, 0.018205609603459065, 0.2249034760529996, -0.20669786644954052, 1.7551377478622148, 0.0297
FCX, 2.1395394998015087, 2.1395394998015087, 0.0, 1.1304444720635314, 1.5294885177453028, 1.5294885177453028, 0.0, 1.0452968714605988, 0.0163
GPS, 1.8561560341324665, 2.182022008836456, -0.32586597470398937, 3.253202982009732, 0.25443786982248523, -0.022982886853272544, 0.2774207566757578, 3.046666998283631, 0.0355
GRMN, 2.8527217566758702, 2.8527217566758702, 0.0, 3.917036556822785, 0.36048542130795164, 0.36048542130795164, 0.0, 1.6247832395154886, 0.031400000000000004
GD, 1.3991907779219788, 1.7158010340900391, -0.3166102561680604, 4.610147637594153, 0.08697275102650243, 0.03969249239827617, 0.047280258628226254, 1.5737995270843934, 0.0209
GE, 1.9242240641106425, 1.7200425152843348, 0.20418154882630768, 0.7435190388748417, -1.605435011586265, -0.7641364945633503, -0.8412985170229147, 0.4618887239273034, 0.0042
GIS, 0.5616665985644043, 0.9697543064072078, -0.40808770784280357, 3.6334247224960614, 0.2715301863500088, 0.4459209274156981, -0.1743907410656893, 0.7820467854956676, 0.044199999999999996
GM, 0.8940564442710366, 1.059618074143975, -0.16556162987293832, -0.10025989637168813, -0.9643974538785198, -0.15432809529176694, -0.8100693585867529, 0.807745897262568, 0.0415
GPC, 1.335926123830271, 1.7306281861453094, -0.39470206231503835, 3.540727458019207, -0.10255951341598277, 0.06922445748891416, -0.17178397090489694, 1.846349377670255, 0.0294
GILD, 2.735109583154276, 3.2361879259361426, -0.5010783427818666, 9.603654267061717, -0.655693950177936, -0.7286916900874028, 0.07299773990946679, 1.4863260430751755, 0.0334
GPN, 1.1278934581545712, 1.5664104703827437, -0.4385170122281725, 4.124732838646353, 1.093268595251411, 0.5519058347009648, 0.5413627605504462, 0.5712034584368479, 0.0003
GS, 1.806517570338824, 1.7459881671357311, 0.06052940320309297, 0.8685534527978688, -0.42065423087320897, 0.02758941954104759, -0.44824365041425657, 0.5651253940993173, 0.0141
GT, 1.2097512437810944, 1.2097512437810944, 0.0, 1.5311055812300036, -0.7157320872274143, -0.7157320872274143, 0.0, 1.275422607475639, 0.029300000000000003
GWW, 2.127876808386226, 1.6994079440295078, 0.42846886435671827, 7.8127879129101245, -0.016426004759511913, -0.005042831670608715, -0.011383173088903197, 2.962248763588942, 0.019
HAL, 2.216577540106952, 1.978454900755383, 0.23812263935156897, -17.268452740041383, 0.9221432287151031, 0.251231262449366, 0.6709119662657371, 1.3452898454861502, 0.0207
HBI, 1.903797340259565, 2.35684775922901, -0.4530504189694451, 14.357578738160218, -0.8808199252412339, -0.11596859011125411, -0.7648513351299797, 1.6762229334843886, 0.037000000000000005
HOG, 1.2300610796758882, 1.2300610796758882, 0.0, 3.8379316237302437, -0.2461916540010749, -0.2461916540010749, 0.0, 1.0223512446861887, 0.0377
HRS, 1.2432885906040267, 1.7158010340900391, -0.4725124434860124, 5.139078622939948, 0.13009404388714735, 0.03969249239827617, 0.09040155148887118, 1.1786431786003544, 0.0183
HIG, 1.0415991067239219, 0.6761028482688358, 0.36549625845508604, 0.14044803305893913, -1.4274061990212072, -3.1757702101879763, 1.748364011166769, 0.12584559220664737, 0.0262
HAS, 2.9031994164721975, 2.409717164602419, 0.49348225186977857, 12.886626688864473, -0.2561075567709711, -2.284913995603162, 2.028806438832191, 2.1378777287891064, 0.0258
HCA, 1.6201688860019487, 1.8228053676220715, -0.2026364816201227, -9.47067228926754, -0.20075757575757575, -0.08844245384042865, -0.1123151219171471, 1.9687661748406269, 0.0105
HCP, 3.1352873528735286, 1.744506466205138, 1.3907808866683906, 16.343282212899307, 0.12952099441164602, 0.23852545872213501, -0.10900446431048899, 0.3603168848125458, 0.0526
HP, 3.586878057987427, 3.586878057987427, 0.0, -0.46453701800799513, -1.4129647103227023, -1.4129647103227023, 0.0, 0.34468272237658476, 0.045700000000000005
HES, 2.5285420944558523, 1.4580300433734539, 1.0705120510823984, 1.597503290535453, 0.3513824884792627, 8.075697800092525, -7.724315311613263, -0.2256807044123941, 0.0173
HPE, 1.1331642358909322, 1.5005950354721882, -0.367430799581256, 0.14689071827979508, -0.8653073833796725, -0.05098264240179553, -0.814324740977877, 0.6306473729258442, 0.029500000000000002
HLT, 0.8994565217391305, 0.38440904300669604, 0.5150474787324344, 9.844466267987789, 159.0, 32.03265474773529, 126.9673452522647, 0.6625632868978787, 0.0084
HFC, 2.152812590057004, 1.649980237528237, 0.502832352528767, 1.2823833420034116, 5.615161433920763, 2.665722223507906, 2.949439210412857, 1.9094759171006248, 0.0196
HD, 1.1691367173027047, 1.112511480344474, 0.05662523695823074, 127.69997082239173, 0.08457961543295212, 0.09951580189688343, -0.014936186463931314, 3.7020321227407518, 0.022799999999999997
HON, 1.378611950585865, 1.7200425152843348, -0.3414305646984699, 4.094074546844033, -0.6496079240610813, -0.7641364945633503, 0.11452857050226906, 1.2657684807285088, 0.0227
HRL, 1.9150444334405583, 0.9697543064072078, 0.9452901270333505, 4.193769669487051, -0.04875145561510898, 0.4459209274156981, -0.4946723830308071, 2.244621431306573, 0.0173
HST, 4.376760563380282, 4.376760563380282, 0.0, 1.7848501756299215, -0.2594033722438392, -0.2594033722438392, 0.0, 0.8396244077086179, 0.0414
HPQ, 0.9958058183116187, 1.5005950354721882, -0.5047892171605695, -6.584815237155977, -0.05251312828207052, -0.05098264240179553, -0.0015304858802749899, 2.088448053507216, 0.022799999999999997
HUM, 1.8500956836062088, 1.1465796052782662, 0.7035160783279426, 8.296997039475523, 2.986970684039088, 0.7314515521814611, 2.2555191318576266, 2.880839719475051, 0.0062
HBAN, 0.04211156801087344, 0.0646410923820023, -0.02252952437112886, 1.3318720553707841, 0.6657303370786517, 0.3262294481086683, 0.3395008889699834, -0.9023913663022062, 0.038900000000000004
HII, 1.578001437814522, 1.7158010340900391, -0.1377995962755172, 4.538185306123618, -0.16404886561954624, 0.03969249239827617, -0.2037413580178224, 1.8668360675463957, 0.0129
ITW, 2.3838847035702586, 1.6994079440295078, 0.6844767595407508, 8.844177597889328, -0.171007371007371, -0.005042831670608715, -0.1659645393367623, 1.9665494954806046, 0.030899999999999997
IR, 1.2674192212096107, 1.6994079440295078, -0.4319887228198971, 3.342871546657908, -0.08364159473900534, -0.005042831670608715, -0.07859876306839662, 1.2844547614521784, 0.0215
INTC, 1.6933585902072212, 3.9100322019355396, -2.2166736117283183, 2.414425443937321, -0.06930981000387747, 0.3208159335329324, -0.3901257435368099, 1.2302565787607012, 0.024900000000000002
ICE, 0.988757822451127, 1.2927580645957133, -0.3040002421445863, 2.686025724041572, 0.7543133195307108, 1.7015408230865319, -0.9472275035558211, 0.19901587136150659, 0.0125
IBM, 1.3311297272702942, 1.554371715684612, -0.22324198841431775, 6.14905722449217, -0.5153606598771148, 3.489899179315104, -4.0052598391922185, 1.1278555385345403, 0.0538
IP, 1.6223049784398276, 1.5806896732264064, 0.04161530521342116, 2.1027646540226503, 1.6375, 0.9462140274926746, 0.6912859725073254, 1.0220995992421251, 0.0434
IPG, 0.9721158604881353, 0.9531998135049271, 0.018916046983208146, 3.8258646833539305, -0.05928853754940711, -0.051501973114159716, -0.0077865644352473964, 0.9198672980424638, 0.0362
IFF, 2.466991341991342, 1.851588995265958, 0.615402346725384, 6.856227276009979, -0.2700188380642469, 0.24874152948010178, -0.5187603675443487, 1.5849597914277482, 0.02
INTU, 1.1361058601134215, 1.1956568259172373, -0.0595509658038158, 23.61007401195324, 0.24716786817713698, -0.20418544688480292, 0.4513533150619399, 2.511724411626001, 0.0089
IVZ, 10.642228923231562, 3.7145084825912247, 6.927720440640337, 0.9863784862578632, 0.33709547391454564, 0.2249034760529996, 0.11219199786154604, 0.9377298848475579, 0.0546
IRM, 1.466211537897702, 1.1759227553980418, 0.2902887824996603, 3.823549254936811, 0.8456199460916443, 0.3369287316452216, 0.5086912144464226, 0.6654388240297204, 0.0774
JEC, 1.55546568498936, 1.6820194959252943, -0.12655381093593432, 2.204670687916776, 0.33964990793184624, 0.24498227403659165, 0.0946676338952546, 1.8193909444254814, 0.0079
JBHT, 1.452228359679078, 1.452228359679078, 0.0, 5.840899568875393, 0.5882408757434794, 0.5882408757434794, 0.0, 2.4033023938288007, 0.0087
JEF, 1.4400098078853467, 0.0, 1.4400098078853467, 0.2763385072543751, 0.30118206472795017, 0.0, 0.30118206472795017, 0.565024864132213, 0.023399999999999997
SJM, 1.5041594118785064, 0.9697543064072078, 0.5344051054712986, 1.5926067895085847, 1.2600033766672294, 0.4459209274156981, 0.8140824492515313, 0.9173831712543834, 0.031
JNJ, 1.4110095949176409, 2.2518869079741397, -0.8408773130564988, 5.391627014545864, -0.9214026602176542, 0.21241238113843916, -1.1338150413560932, 1.0091408519933538, 0.0256
JCI, 1.036949552893538, 2.4624523102639033, -1.4255027573703654, 1.1881605977306846, 1.1446759259259258, 0.2744743456225603, 0.8702015803033656, 0.8574238244579562, 0.031200000000000002
JPM, 0.5977002522430699, 0.3373269742753228, 0.26037327796774706, 1.3038404823296135, -0.011806089030849473, -0.13352811184746935, 0.12172202281661988, -0.32779702820505946, 0.0294
JNPR, 2.407375445863537, 2.3761607836829226, 0.031214662180614194, 4.220810202352213, -0.48338113716888814, -0.25857912136939964, -0.2248020157994885, 1.1662057233563023, 0.0246
KSU, 0.6999073788206237, 0.8931013007794028, -0.19319392195877905, 2.0728178611786463, 1.008543446551365, 1.7427233045534662, -0.7341798580021013, 0.721526556388264, 0.013999999999999999
K, 0.6778298727394507, 0.9697543064072078, -0.2919244336677571, 7.183825712167352, 0.8258992805755395, 0.4459209274156981, 0.3799783531598414, 1.2847383114467332, 0.035
KEY, 0.05390747516989022, 0.0646410923820023, -0.010733617212112079, 1.1144230847492704, 0.6362484157160964, 0.3262294481086683, 0.3100189676074281, -0.8262818775198055, 0.027200000000000002
KMB, 0.8895527483782861, 1.1032485722217338, -0.21369582384344765, 57.12690698605782, 0.04506534474988734, 0.16901269711744352, -0.12394735236755618, 2.085424825309489, 0.0384
KIM, 1.4706892057699765, 0.9085484195347314, 0.5621407862352451, 1.1804059059238683, 0.1386369639869684, -0.047832060454382375, 0.18646902444135077, 0.28973610701916974, 0.0706
KLAC, 3.734556676351283, 3.436901667458752, 0.29765500889253094, 9.231583523381714, -0.13369421084230668, 0.43082866448006685, -0.5645228753223736, 2.534434881216509, 0.0316
KSS, 2.010939268200679, 1.499004493948883, 0.5119347742517961, 2.1337801943846215, 0.5449640287769785, 0.4462278680465824, 0.0987361607303961, 2.1193377655372467, 0.0323
KHC, 0.7171338333991315, 0.9697543064072078, -0.25262047300807633, 0.9946044082438711, 2.017572762218561, 0.4459209274156981, 1.571651834802863, 0.5180164437848611, 0.0455
KR, 0.7830527576248503, 0.7830527576248503, 0.0, 1.8348816554341432, -0.03474706182933061, -0.03474706182933061, 0.0, 3.4871985693309018, 0.0191
LB, 1.6213687838503201, 2.182022008836456, -0.5606532249861358, -13.909101899776362, -0.15112262521588946, -0.022982886853272544, -0.1281397383626169, 2.6052417709403928, 0.0717
LLL, 1.869693148381673, 1.7158010340900391, 0.15389211429163385, 2.5540597548336708, 0.21484992101105846, 0.03969249239827617, 0.17515742861278227, 1.3203586045219278, 0.0168
LEG, 1.8095677115345217, 1.6717184087742976, 0.1378493027602241, 4.5394572618304805, -0.2002179242713157, -0.07808266726202279, -0.12213525700929292, 1.9070487190282257, 0.0404
LEN, 8.094848721074413, 6.2096348730006525, 1.8852138480737608, 1.0294972465422076, -0.15478961023600057, -0.08038392697783786, -0.07440568325816271, 1.837195637912674, 0.0036
LLY, 1.3210121148329308, 2.400151267157737, -1.0791391523248062, 13.707478873972452, -1.0745543541788427, -0.092517543328727, -0.9820368108501157, 0.9902898374200315, 0.0207
LNC, 2.809485744737543, 1.4207696144619684, 1.3887161302755748, 0.843250629348505, 0.7441275167785235, 0.5450633191234475, 0.199064197655076, 0.11718312437574864, 0.0216
LMT, 1.3817361715597056, 1.7158010340900391, -0.3340648625303335, -106.58847447024789, -0.4860111910471623, 0.03969249239827617, -0.5257036834454385, 1.672161257053292, 0.0294
L, 0.5273954423084215, 1.4207696144619684, -0.8933741721535469, 0.7788850497111313, 0.9720670391061452, 0.5450633191234475, 0.4270037199826977, 0.10476584706746177, 0.0053
LOW, 1.0558862433862435, 1.112511480344474, -0.05662523695823052, 12.1508166010882, 0.11445198836081474, 0.09951580189688343, 0.014936186463931314, 2.7233294081838944, 0.0197
LYB, 2.45719070546368, 1.851588995265958, 0.605601710197722, 3.4634917389432895, 0.27242006758513126, 0.24874152948010178, 0.023678538105029484, 2.584932725852842, 0.0432
MTB, 0.07979382044513836, 0.0646410923820023, 0.015152728063136056, 1.299869808826262, 0.07086229786923415, 0.3262294481086683, -0.2553671502394341, -0.8079632079237793, 0.024399999999999998
MAC, 0.8158929140550303, 0.9085484195347314, -0.09265550547970114, 13.473956810951499, -0.7086127687491326, -0.047832060454382375, -0.6607807082947502, 0.2274690428325939, 0.0576
M, 1.4667980295566503, 1.265931699484923, 0.20086633007172727, 1.7799419527593132, 1.513911620294599, 0.8741874485653787, 0.6397241717292204, 1.8020095423698752, 0.0437
MRO, 1.3038617886178863, 1.260509387911391, 0.04335240070649515, 6.421548953333709, 0.6022999520843316, 2.5699793866213905, -1.9676794345370587, 0.11041415645813746, 0.0105
MPC, 1.278965451422027, 1.649980237528237, -0.3710147861062101, 1.5185042565291547, 2.1360263808738664, 2.665722223507906, -0.5296958426340397, 1.8009195521168913, 0.0259
MAR, 0.45707154742096506, 0.38440904300669604, 0.07266250441426902, 10.857800618139962, 0.7589743589743589, 32.03265474773529, -31.273680388760933, 0.4790973309906538, 0.013500000000000002
MMC, 1.3050211168465509, 1.1262116075084367, 0.17880950933811413, 5.410308241969445, -0.15877437325905291, -0.10621313895300825, -0.05256123430604466, 1.3296280700141585, 0.0196
MLM, 3.79011719695311, 3.227385997815416, 0.5627311991376938, 2.3482494717766675, 0.6768011771231937, 0.5407947306902597, 0.13600644643293391, 1.0426625842830481, 0.011000000000000001
MAS, 1.9748157248157248, 2.4624523102639033, -0.48763658544817856, 55.53939393939394, 0.08614232209737828, 0.2744743456225603, -0.18833202352518202, 2.591842384699146, 0.015300000000000001
MA, 1.5690890481064483, 1.1956568259172373, 0.373432222189211, 31.367038573671227, -0.03547671840354767, -0.20418544688480292, 0.16870872848125523, 2.1859864945984526, 0.005
MKC, 0.8303805268833769, 0.9697543064072078, -0.1393737795238309, 4.002859863588332, 0.01079822146940504, 0.4459209274156981, -0.4351227059462931, 0.74334528071335, 0.0143
MCD, 1.8429391821767107, 1.4192595064861586, 0.4236796756905521, -41.13105130810361, 0.1079270244318788, 1.4765865718805071, -1.3686595474486283, 1.7943139679031241, 0.0265
MCK, 1.0122938530734633, 1.958814415235984, -0.9465205621625208, -1.7800012900767708, -0.9446655296570021, -0.583768521768018, -0.36089700788898416, 3.6263802492079726, 0.0121
MDT, 2.2788575961919872, 2.2518869079741397, 0.026970688217847538, 2.4131060272102065, -0.2308648111332008, 0.21241238113843916, -0.44327719227164, 0.7938198117270576, 0.0218
MRK, 1.330503921779306, 2.400151267157737, -1.069647345378431, 10.610320372254145, -0.38645013955848767, -0.092517543328727, -0.29393259622976065, 0.8872918940411835, 0.0301
MET, 0.9639969777106158, 2.2786661789894374, -1.3146692012788215, 0.9215782837710914, 0.39520624303233, 0.7542065809228914, -0.3590003378905614, 0.1150760708024493, 0.0401
MGM, 0.7678957515598008, 1.2708052909869418, -0.502909539427141, 1.5470597548266918, 0.6949270663719461, 1.317455499304815, -0.622528432932869, 0.6060511618862217, 0.018000000000000002
MCHP, 1.6636760186378508, 3.9100322019355396, -2.2463561832976886, 11.423166802652247, 0.4970691676436108, 0.3208159335329324, 0.1762532341106784, 1.103150199103406, 0.0207
MSFT, 2.900800164136233, 1.8148120726165584, 1.0859880915196745, 10.01468125143099, -0.34987641727804153, -0.1850156392629526, -0.16486077801508892, 1.4810938221951209, 0.0174
MAA, 0.11860581045727059, 0.3158827739306347, -0.1972769634733641, 1.6829402444499277, 0.5175265817595208, -0.2195170151690129, 0.7370435969285337, 0.20765781066467873, 0.037599999999999995
MDLZ, 0.4761603241942633, 0.9697543064072078, -0.49359398221294454, 2.338266579369122, 0.7591372079089275, 0.4459209274156981, 0.31321628049322936, 0.5173857646323864, 0.0245
MCO, 1.2507148742306016, 1.2927580645957133, -0.04204319036511173, -236.586934189884, 2.6537345902828138, 1.7015408230865319, 0.9521937671962819, 1.43073329807347, 0.011699999999999999
MS, 1.7080573270246178, 1.7459881671357311, -0.03793084011111336, 0.8860777714840337, 0.018458020254818686, 0.02758941954104759, -0.009131399286228904, 0.49129079776663964, 0.026099999999999998
MOS, 2.272906306927281, 2.1506742176907077, 0.12223208923657314, 1.377654185213652, -1.345949535192563, 0.28827143890173423, -1.6342209740942972, 0.6503240992560858, 0.0031
MSI, 1.3476629136813374, 2.3761607836829226, -1.0284978700015852, -26.321052594861207, -1.2686832740213523, -0.25857912136939964, -1.0101041526519525, 1.4385067187302258, 0.017
MSCI, 2.0852221020914277, 1.2927580645957133, 0.7924640374957144, 26.93591889627675, 0.1652910620842997, 1.7015408230865319, -1.536249761002232, 1.3466430421788262, 0.0158
NDAQ, 1.0507411630558723, 1.2927580645957133, -0.242016901539841, 2.421053819382266, 5.796296296296297, 1.7015408230865319, 4.094755473209765, 0.5623650110202747, 0.0202
NOV, 3.065845369583687, 1.978454900755383, 1.087390468828304, 2.665942028985507, 0.902317880794702, 0.251231262449366, 0.651086618345336, 0.5900652455592282, 0.0054
NTAP, 1.8923544024289263, 1.1956568259172373, 0.696697576511689, 3.478708197718139, -0.8506876227897839, -0.20418544688480292, -0.646502175904981, 1.3082239447857698, 0.020099999999999996
NEE, 0.6371972934472935, 0.8043503902413289, -0.16715309679403545, 1.785353839245104, 0.7703826955074875, 0.29707526106145066, 0.47330743444603685, 0.40451548409868476, 0.026000000000000002
NLSN, 1.3447259870359458, 0.7301478012034385, 0.6145781858325073, 2.5548399383645837, -0.13214990138067062, 0.5558172065594899, -0.6879671079401605, 0.7247660959020908, 0.052300000000000006
NKE, 2.505629139072848, 2.35684775922901, 0.14878137984383777, 12.102768982383873, -0.5441037735849057, -0.11596859011125411, -0.4281351834736516, 2.8760090754342458, 0.0104
NI, 0.5547759879184495, 0.8043503902413289, -0.24957440232287942, 0.9910936157523585, -0.6080463273392258, 0.29707526106145066, -0.9051215884006765, 0.31994865608208456, 0.030699999999999998
NBL, 1.2668200115008625, 1.260509387911391, 0.006310623589471431, -1.4294575909580374, -0.06598984771573604, 2.5699793866213905, -2.6359692343371264, 0.18072302490153191, 0.0168
JWN, 1.0650653694131955, 1.265931699484923, -0.2008663300717275, 9.809612503898682, 0.2344632768361582, 0.8741874485653787, -0.6397241717292205, 2.3918724884837896, 0.0226
NSC, 0.8444007858546169, 0.8931013007794028, -0.04870051492478589, 2.7946598202824133, 2.239808153477218, 1.7427233045534662, 0.4970848489237518, 0.826805108892052, 0.019
NTRS, 0.4425264854344326, 3.7145084825912247, -3.271981997156792, 1.7539725332270963, 0.1612590799031477, 0.2249034760529996, -0.0636443961498519, -0.5429814843436048, 0.0233
NOC, 2.347307968413496, 1.7158010340900391, 0.6315069343234567, 6.152482819296557, -0.08409090909090909, 0.03969249239827617, -0.12378340148918526, 1.4550859292790612, 0.0176
NRG, 1.3310220078384083, 1.1962011167261053, 0.134820891112303, 8.780130065014198, -0.5747711088504578, -1.174820109399051, 0.6000490005485931, 0.5824619001985757, 0.0032
NVDA, 8.026886383347788, 3.9100322019355396, 4.116854181412249, 12.94269065182535, 0.8289315726290516, 0.3208159335329324, 0.5081156390961192, 3.0716993902012266, 0.0028000000000000004
OXY, 1.1175675675675676, 1.260509387911391, -0.14294182034382352, 1.504632071033639, 2.308383233532934, 2.5699793866213905, -0.2615961530884565, 0.42209577545852933, 0.045599999999999995
OMC, 0.934283766521719, 0.9531998135049271, -0.018916046983208146, 5.200603289756875, -0.043715408678912326, -0.051501973114159716, 0.0077865644352473895, 0.9048823742069335, 0.0321
OKE, 0.6615059600687577, 0.6414208177092636, 0.0200851423594941, 3.479813856145875, -0.203917912950171, 2.424648721573244, -2.6285666345234153, 0.9825084374926454, 0.0528
ORCL, 3.9574889294087003, 1.8085843138944175, 2.148904615514283, 4.27101201742971, -0.5902517407605785, 0.7507255223637935, -1.3409772631243722, 1.1709469157487702, 0.015600000000000001
PCAR, 2.3968176363393927, 1.8713136490337563, 0.5255039873056364, 2.1153736656096633, 2.211040828062105, 8.03772380386156, -5.826682975799455, 1.7153418774023947, 0.0189
PKG, 2.299867899603699, 1.5806896732264064, 0.7191782263772926, 3.8110085732838974, 0.4870996441281139, 0.9462140274926746, -0.4591143833645607, 1.9191093471493956, 0.033
PH, 1.590387814415276, 1.6994079440295078, -0.10902012961423169, 3.7355429005464753, 0.07874317473095328, -0.005042831670608715, 0.083786006401562, 1.602868241606017, 0.0191
PAYX, 1.0940384324406114, 1.1956568259172373, -0.10161839347662593, 11.25017801593402, 0.14242016395448429, -0.20418544688480292, 0.3466056108392872, 1.2799055790451337, 0.0345
PNR, 1.4580623645155912, 1.6994079440295078, -0.24134557951391655, 1.5652552776955584, 0.06288751107174491, -0.005042831670608715, 0.06793034274235363, 1.0316516845375308, 0.0174
PEP, 1.5133645498000194, 2.193522214948333, -0.6801576651483137, 14.377057828417156, -0.23060040758739614, -0.2995375380290668, 0.06893713044167066, 1.4791586528461975, 0.0333
PKI, 1.2619123737251579, 2.2518869079741397, -0.9899745342489819, 4.0786592579264855, -0.2726674269607707, 0.21241238113843916, -0.4850798080992098, 0.6410025271426666, 0.0034000000000000002
PRGO, 1.963509749303621, 2.400151267157737, -0.43664151785411587, 0.8472041987174062, 1.029804625199362, -0.092517543328727, 1.122322168528089, 0.7841368506178048, 0.0105
PFE, 1.3521543366089328, 2.400151267157737, -1.0479969305488042, 3.482954588828486, 1.9533886583679114, -0.092517543328727, 2.0459062016966385, 0.846158206195782, 0.0311
PM, 1.3528379902267886, 0.9962069809791188, 0.3566310092476699, -12.71703313323572, -0.12537931034482758, -0.203696394852279, 0.07831708450745142, 1.917951966007292, 0.0516
PSX, 1.423765706935787, 1.649980237528237, -0.2262145305924501, 1.6677079233111611, 2.192214111922141, 2.665722223507906, -0.4735081115857649, 1.9840517980400367, 0.031200000000000002
PNW, 0.8484253480396576, 0.8043503902413289, 0.04407495779832871, 1.969775208330744, 0.10058349782352928, 0.29707526106145066, -0.1964917632379214, 0.4201215523283375, 0.035699999999999996
PXD, 1.4144736842105263, 1.260509387911391, 0.15396429629913522, 2.1623059961421314, 2.4982014388489207, 2.5699793866213905, -0.07177794777246982, 0.5418581521499906, 0.0021
PNC, 0.15033390736144964, 0.0646410923820023, 0.08569281497944733, 1.2182355812037187, 0.3520702634880803, 0.3262294481086683, 0.02584081537941202, -0.6645139693270594, 0.029300000000000003
RL, 2.2356350806451615, 2.35684775922901, -0.12121267858384854, 2.451077519810096, 2.6394763343403826, -0.11596859011125411, 2.755444924451637, 1.7855424403363513, 0.0189
PPG, 1.6629011553273427, 1.851588995265958, -0.18868783993861538, 5.285556610339317, 1.4601769911504425, 0.24874152948010178, 1.2114354616703407, 1.610050783260465, 0.0183
PPL, 0.5702212279393487, 0.6374332984974767, -0.06721207055812795, 1.6061416667772956, -0.4069400630914827, 0.3800845225216797, -0.7870245856131624, 0.41210668634976166, 0.0535
PFG, 2.829824680159751, 2.2786661789894374, 0.5511585011703137, 1.0127931196262545, 0.7069320017623734, 0.7542065809228914, -0.04727457916051803, 0.12523381417765939, 0.044800000000000006
PG, 0.8258667705492793, 1.1973766234695107, -0.3715098529202314, 4.378204158858525, -0.03266627427898764, 0.17865410034376406, -0.2113203746227517, 1.046040615681873, 0.032
PGR, 0.4384878726728802, 0.6761028482688358, -0.23761497559595562, 2.28699616609603, 0.5116345062429057, -3.1757702101879763, 3.687404716430882, 0.5035854827908024, 0.0163
PLD, 1.3886268919947333, 0.0, 1.3886268919947333, 2.5005223562603467, 0.3624019372708001, 0.0, 0.3624019372708001, 0.31045755890261983, 0.0296
PRU, 1.0166266591358373, 2.2786661789894374, -1.2620395198536, 0.8139281104715692, 0.8044806517311609, 0.7542065809228914, 0.05027407080826951, 0.11989806457026986, 0.0379
PEG, 0.7946257197696737, 0.6374332984974767, 0.157192421272197, 1.4183682040979653, 0.7745208568207441, 0.3800845225216797, 0.39443633429906444, 0.35408905105957467, 0.0337
PSA, 1.2437536232715918, 1.1759227553980418, 0.06783086787354997, 4.635867947785289, -0.008198904575952848, 0.3369287316452216, -0.3451276362211744, 0.9254565074044636, 0.0388
PHM, 4.517132902876721, 6.2096348730006525, -1.6925019701239314, 1.0504101937239374, -0.25797449158208935, -0.08038392697783786, -0.1775905646042515, 2.1776092402783775, 0.0146
PVH, 1.6193631117760205, 2.35684775922901, -0.7374846474529895, 1.3881693343239292, -0.022963367960634227, -0.11596859011125411, 0.09300522215061989, 1.1322107197670703, 0.0012
QCOM, 3.996791051618227, 3.9100322019355396, 0.08675884968268743, -1.796797609184068, -0.5676955454226588, 0.3208159335329324, -0.8885114789555912, 1.2498996733286398, 0.0394
DGX, 1.2355723746452223, 1.1885363936187203, 0.04703598102650197, 2.646356742048347, 0.1839080459770115, 0.3893084232959508, -0.2054003773189393, 1.2770868801619435, 0.021400000000000002
RJF, 3.600249013013274, 1.7459881671357311, 1.8542608458775427, 1.6916708672626244, 0.1816624772727693, 0.02758941954104759, 0.1540730577317217, 0.9739090348393857, 0.0152
RTN, 1.5413718018508438, 1.7158010340900391, -0.17442923223919538, 4.186681546783542, -0.09629294755877034, 0.03969249239827617, -0.1359854399570465, 1.4230890502671278, 0.0192
O, 0.2274502047087067, 0.9085484195347314, -0.6810982148260247, 2.270696802305708, 0.008976955671344206, -0.047832060454382375, 0.05680901612572658, 0.2094564646862838, 0.0432
REG, 0.8970960813164882, 0.9085484195347314, -0.011452338218243208, 1.1837339820523654, 0.0717878700776085, -0.047832060454382375, 0.11961993053199088, 0.21841849599981047, 0.0347
RF, 0.053552022539746426, 0.0646410923820023, -0.011089069842255876, 1.1306548180626455, 0.08549222797927461, 0.3262294481086683, -0.24073722012939366, -0.8486913136984076, 0.0325
RMD, 2.084536106672091, 2.2518869079741397, -0.1673508013020486, 7.488027414026124, -0.07799371282326957, 0.21241238113843916, -0.29040609396170874, 1.737578081640661, 0.013999999999999999
ROK, 2.060164041383167, 1.7594150023045914, 0.30074903907857564, 17.64814287163376, 0.1315609154447033, 0.2631886028066202, -0.1316276873619169, 1.9069553893759856, 0.022400000000000003
COL, 1.5509938090583253, 1.7158010340900391, -0.16480722503171386, 2.5215969618985956, -0.030261348005502064, 0.03969249239827617, -0.06995384040377824, 0.7718146018923692, 0.0101
ROST, 1.6357733224944742, 2.182022008836456, -0.5462486863419818, 10.921181373799623, 0.21929774330875207, -0.022982886853272544, 0.2422806301620246, 4.250219684270894, 0.0091
RCL, 0.17598779524468797, 0.38440904300669604, -0.20842124776200807, 2.057447865438778, 0.2662834622109604, 32.03265474773529, -31.766371285524333, 0.542567043787757, 0.0258
SCG, 0.8760056791292002, 0.8043503902413289, 0.07165528888787132, 0.5533930893618606, -1.2, 0.29707526106145066, -1.4970752610614506, 0.42003083672194574, 0.0124
SLB, 1.2103782227457138, 1.978454900755383, -0.7680766780096693, 4.482911327801209, 0.07006760909649662, 0.251231262449366, -0.18116365335286938, 0.5822472452339962, 0.039
STX, 1.303131650957738, 1.5005950354721882, -0.19746338451445022, 7.18674229785341, 0.5310880829015544, -0.05098264240179553, 0.5820707253033499, 2.0992020893943435, 0.058600000000000006
SEE, 1.3542301552749965, 1.5806896732264064, -0.22645951795140995, 3.5882479017755387, -0.7851522408484434, 0.9462140274926746, -1.731366268341118, 1.353209961534533, 0.0191
SRE, 0.5035418236623964, 0.8043503902413289, -0.3008085665789325, -0.991498866241147, -0.769433465085639, 0.29707526106145066, -1.0665087261470898, 0.30698187671236554, 0.0325
SHW, 1.1200497594791305, 1.851588995265958, -0.7315392357868276, 10.03324415865252, 0.6013041370950726, 0.24874152948010178, 0.3525626076149708, 1.2321637481455463, 0.0086
SPG, 0.5913817617935481, 0.9085484195347314, -0.31716665774118336, 12.684534179605627, 0.051621628458438776, -0.047832060454382375, 0.09945368891282115, 0.4849935607108813, 0.044000000000000004
SWKS, 6.789636504253673, 3.9100322019355396, 2.8796043023181337, 4.385955134721606, 0.01507234726688103, 0.3208159335329324, -0.3057435862660514, 2.619015627478011, 0.017
SLG, 2.6707040845370242, 3.5482943954945076, -0.8775903109574834, 0.35263608256691914, -0.6376299249581407, 0.9324134170656921, -1.5700433420238329, 0.2887077969106167, 0.0354
SNA, 1.7759993295902121, 1.6994079440295078, 0.07659138556070433, 2.7400274476891426, 0.022516082916368835, -0.005042831670608715, 0.02755891458697755, 1.711889643354582, 0.021099999999999997
SO, 0.7409151096071797, 0.6374332984974767, 0.103481811109703, 0.6688462396337995, -0.642512077294686, 0.3800845225216797, -1.0225965998163655, 0.25772567723577494, 0.0535
LUV, 0.6973207820419985, 0.6173616932359995, 0.079959088805999, 2.7877438813591566, 0.5543672014260249, 0.06027936977804329, 0.49408783164798165, 1.3929751170435911, 0.0126
SPGI, 1.345364032358432, 1.2927580645957133, 0.05260596776271864, 22.82956530325492, -0.26481149012567323, 1.7015408230865319, -1.9663523132122052, 1.994919343647438, 0.0109
SWK, 1.046838461185749, 1.6994079440295078, -0.6525694828437587, 2.779056552190862, 0.2701834386983107, -0.005042831670608715, 0.2752262703689194, 1.0514861652723138, 0.021400000000000002
SBUX, 1.251782879617125, 1.4192595064861586, -0.16747662686903353, 10.231551806474267, 0.02341338820107134, 1.4765865718805071, -1.4531731836794357, 2.8292794359349873, 0.0246
STT, 0.40005633912266386, 3.7145084825912247, -3.3144521434685608, 1.1060742387391895, 0.016339869281045753, 0.2249034760529996, -0.20856360677195385, -0.5620124580478277, 0.0269
SYK, 2.2935437589670014, 2.2518869079741397, 0.04165685099286165, 6.043846166910092, -0.3806921675774135, 0.21241238113843916, -0.5931045487158526, 1.2823199787599966, 0.0113
STI, 0.08635012346862937, 0.0646410923820023, 0.02170903108662707, 0.9828515310787834, 0.20932697403285638, 0.3262294481086683, -0.11690247407581189, -0.8314107053404616, 0.032
SYMC, 1.108150967332699, 1.8085843138944175, -0.7004333465617185, 2.5335878099815616, 5.877118644067797, 0.7507255223637935, 5.1263931217040035, 0.5339384737363504, 0.0165
SYF, 0.1950836992769175, 0.8608531355395896, -0.6657694362626722, 1.1829911332595424, -0.14038205242114615, -0.29894619198377087, 0.15856413956262472, -0.5084649884293068, 0.0291
TROW, 4.331620314389359, 3.7145084825912247, 0.6171118317981343, 3.5270748739000815, 0.2609250398724083, 0.2249034760529996, 0.036021563819408686, 2.2021764146620315, 0.028900000000000002
TPR, 2.5928373481134086, 2.35684775922901, 0.23598958888439858, 3.8546655446239777, -0.32741116751269034, -0.11596859011125411, -0.21144257740143624, 1.683703801706573, 0.031400000000000004
TGT, 0.9517460798424362, 1.499004493948883, -0.5472584141064467, 3.712634289202781, 0.09704008992131885, 0.4462278680465824, -0.3491877781252635, 2.30215633677127, 0.0304
TEL, 1.5404211073563816, 5.179420067863497, -3.6389989605071156, 3.5380207953187, -0.13807315816589386, 0.09756616106341924, -0.23563931922931308, 1.3011311688986704, 0.022799999999999997
FTI, 1.3202331780169696, 1.978454900755383, -0.6582217227384135, 0.7505928676898295, -0.6383724063594718, 0.251231262449366, -0.8896036688088378, 0.8204395661142954, 0.019799999999999998
TXN, 3.8680248007085916, 3.9100322019355396, -0.042007401226948016, 8.010522057234793, 0.02420027816411683, 0.3208159335329324, -0.29661565536881557, 2.7167444440383655, 0.0316
TXT, 2.1806083650190113, 1.7158010340900391, 0.4648073309289722, 0.8940384770843548, -0.6370106761565836, 0.03969249239827617, -0.6767031685548598, 1.5174299969695464, 0.0015
TMO, 1.3366912599318956, 2.2518869079741397, -0.9151956480422441, 3.4932442149259506, 0.10024691358024691, 0.21241238113843916, -0.11216546755819225, 0.6640301638341805, 0.0029
TIF, 5.495722958057395, 2.35684775922901, 3.138875198828385, 3.676839661222569, -0.17036538892624972, -0.11596859011125411, -0.05439679881499561, 2.0557345050584717, 0.0191
TJX, 1.6555781374712542, 2.182022008836456, -0.5264438713652018, 12.037528961736543, 0.13476173444479544, -0.022982886853272544, 0.157744621298068, 4.038312802914873, 0.014199999999999999
TMK, 0.45061921754618406, 2.2786661789894374, -1.8280469614432533, 1.5360533085222803, 1.7025389647695472, 0.7542065809228914, 0.9483323838466559, 0.33442787286828685, 0.0075
TSS, 1.0911462230004894, 1.1956568259172373, -0.10451060291674796, 6.588299524368333, 0.8167695384879683, -0.20418544688480292, 1.0209549853727713, 1.3114014986346976, 0.005699999999999999
TSCO, 1.9492942886009887, 1.7306281861453094, 0.2186661024556793, 7.267205114142136, -0.03321971083455344, 0.06922445748891416, -0.1024441683234676, 3.8671743276958903, 0.0134
TRV, 0.4064628495008242, 0.6761028482688358, -0.26963999876801165, 1.2253851917622982, -0.31785003317850036, -3.1757702101879763, 2.857920177009476, -0.036418956893889576, 0.0246
TSN, 1.5520833333333333, 0.9697543064072078, 0.5823290269261254, 1.3484364117654806, 0.003386004514672686, 0.4459209274156981, -0.4425349229010254, 1.926226331792618, 0.0192
UDR, 0.081126198992174, 0.3158827739306347, -0.2347565749384607, 2.0237665084762586, -0.5859448155315563, -0.2195170151690129, -0.3664278003625434, 0.15071473056535126, 0.0329
USB, 0.06934755397791856, 0.3373269742753228, -0.2679794202974043, 1.6498351452083824, 0.051985195154777925, -0.13352811184746935, 0.18551330700224727, -0.8200410938647481, 0.028399999999999998
UNP, 1.017009393247017, 0.8931013007794028, 0.12390809246761425, 4.42814106064453, 1.5305929600755965, 1.7427233045534662, -0.21213034447786971, 1.0953450665888524, 0.0217
UNH, 0.6734240928997484, 1.1465796052782662, -0.47315551237851783, 4.3194358321318, 0.5301852113671709, 0.7314515521814611, -0.20126634081429018, 1.7759907429460615, 0.0138
UPS, 1.223481271639912, 1.5494055595970722, -0.3259242879571602, 85.82024881394769, 0.43106965899154764, 0.26845073208320075, 0.1626189269083469, 2.225747114660274, 0.0339
UTX, 1.347136238776598, 1.7158010340900391, -0.3686647953134412, 3.1635923716154646, -0.09492273730684327, 0.03969249239827617, -0.13461522970511944, 1.06331099424002, 0.023
UHS, 0.9729269050244747, 1.8228053676220715, -0.8498784625975968, 2.2134450469231988, 0.03230987284035382, -0.08844245384042865, 0.12075232668078247, 1.4558182234017354, 0.0032
UNM, 8.140261488175351, 2.2786661789894374, 5.861595309185914, 0.8082678479594968, 0.06742538114666094, 0.7542065809228914, -0.6867811997762304, 0.4180089070887478, 0.0281
VFC, 1.4920605741822826, 2.35684775922901, -0.8647871850467275, 8.28960575776888, 0.44847887366907513, -0.11596859011125411, 0.5644474637803293, 1.9254990137112031, 0.024
VLO, 1.7443772016981303, 1.649980237528237, 0.09439696416989318, 1.6293589775408466, 0.7194869673148532, 2.665722223507906, -1.946235256193053, 2.3173956821576986, 0.0346
VTR, 0.6589050854419277, 1.744506466205138, -1.0856013807632103, 2.039360941823289, 1.0864453750084302, 0.23852545872213501, 0.8479199162862951, 0.358622770740026, 0.054400000000000004
VZ, 0.9054393558737174, 0.9137921114347897, -0.00835275556107229, 5.111001019262218, 1.2450029394473838, 1.2341445814090293, 0.010858358038354554, 1.0288377602098064, 0.043
V, 1.9034420652391435, 1.1956568259172373, 0.7077852393219062, 7.044723119491186, 0.11817726589884828, -0.20418544688480292, 0.3223627127836512, 1.1721123216436748, 0.0070999999999999995
VNO, 6.966204163951425, 3.5482943954945076, 3.4179097684569175, 6.522980572162043, -0.519322022148663, 0.9324134170656921, -1.451735439214355, 0.4335196928647076, 0.037000000000000005
VMC, 2.664654798677722, 3.227385997815416, -0.5627311991376942, 2.554636991697759, 0.4047882842573259, 0.5407947306902597, -0.13600644643293386, 0.8155919132420276, 0.0109
WMT, 0.7598476840590416, 0.8890325442276539, -0.1291848601686123, 7.514042073529722, -0.26376547960540125, -0.046215827496142045, -0.2175496521092592, 2.7682250825541694, 0.0207
WEC, 0.5720672989946501, 0.6374332984974767, -0.06536599950282651, 2.1583866073874294, 0.28189563365282216, 0.3800845225216797, -0.09818888886885752, 0.41962022981883496, 0.0326
WFC, 0.3056195937025871, 0.3373269742753228, -0.0317073805727357, 1.3820063976237287, 0.018825130415060103, -0.13352811184746935, 0.15235324226252944, -0.5897534183624313, 0.0321
WELL, 1.4393269602999574, 1.744506466205138, -0.3051795059051805, 1.5913900867624706, -0.5003899932536712, 0.23852545872213501, -0.7389154519758062, 0.32154937685096324, 0.0516
WDC, 2.387342908438061, 1.5005950354721882, 0.8867478729658729, 1.2191838601083247, 0.7002518891687658, -0.05098264240179553, 0.7512345315705613, 1.4263528799997158, 0.0425
WU, 0.19863290981564524, 1.1956568259172373, -0.9970239161015921, -20.324474318438103, -3.2002369668246446, -0.20418544688480292, -2.996051519939842, 0.2171093333591006, 0.0421
WRK, 1.492092497840388, 1.5806896732264064, -0.08859717538601841, 0.4319629187724464, 3.512919896640827, 0.9462140274926746, 2.5667058691481524, 0.8521800872235659, 0.0407
WY, 1.4721030042918455, 1.1759227553980418, 0.2961802488938037, 1.3759281509590533, 0.40240963855421685, 0.3369287316452216, 0.06548090690899527, 0.7415746937016974, 0.05
WMB, 0.8235071806500378, 0.6414208177092636, 0.18208636294077418, 1.6602150537634406, 8.168571428571429, 2.424648721573244, 5.743922706998185, 0.3585974865449526, 0.0528
WLTW, 1.0749576414774653, 1.1262116075084367, -0.05125396603097143, 2.465552999007694, 0.26495726495726496, -0.10621313895300825, 0.37117040391027323, 0.42518629237740047, 0.0168
WYNN, 1.7737148304140828, 1.2708052909869418, 0.502909539427141, 18.54379871145898, 1.939983932237684, 1.317455499304815, 0.6225284329328689, 1.0170945717380988, 0.026600000000000002
XEL, 0.7272504892367906, 0.8043503902413289, -0.07709990100453834, 1.9977389064647506, 0.02226179875333927, 0.29707526106145066, -0.2748134623081114, 0.4396990504354527, 0.031400000000000004
XRX, 1.9080627508208683, 1.5005950354721882, 0.4074677153486801, 2.447289308556786, -0.6777251184834123, -0.05098264240179553, -0.6267424760816168, 1.0420378551295841, 0.0351
XLNX, 4.422186015196281, 3.9100322019355396, 0.512153813260741, 8.875610342376424, -0.17691385868866785, 0.3208159335329324, -0.4977297922216003, 1.9181907053599516, 0.0166
XYL, 1.8827272727272728, 1.6994079440295078, 0.18331932869776502, 4.456075006421783, 0.2692307692307692, -0.005042831670608715, 0.2742736009013779, 1.2045321302141154, 0.012199999999999999
YUM, 1.658068783068783, 1.4192595064861586, 0.2388092765826244, -3.9846248264700272, 0.3163064833005894, 1.4765865718805071, -1.1602800885799178, 2.771106494299322, 0.016399999999999998
ZBH, 1.4950334414939408, 2.2518869079741397, -0.7568534664801989, 2.19400787045591, 4.953381483913329, 0.21241238113843916, 4.74096910277489, 0.6952828427778344, 0.008199999999999999
ZION, 0.036053229696202095, 0.0646410923820023, -0.028587862685800207, 1.1487628395886493, 0.2622601279317697, 0.3262294481086683, -0.06396932017689855, -0.9541805165956051, 0.0252
ZTS, 3.8546617915904937, 2.400151267157737, 1.4545105244327567, 20.00095408537884, 0.052503052503052504, -0.092517543328727, 0.1450205958317795, 1.8663013552911032, 0.005600000000000001
