Ticker,Sector,Industry,Price,Market Cap (intraday),Trailing P/E,Forward P/E,PEG Ratio (5 yr expected),Price/Sales,Price/Book,Enterprise Value/Revenue,Enterprise Value/EBITDA,Profit Margin,Operating Margin,Return on Assets,Return on Equity,Revenue,Revenue Per Share,Quarterly Revenue Growth,Gross Profit,EBITDA,Diluted EPS,EPS Beat Ratio,Quarterly Earnings Growth,Total Cash,Total Cash Per Share,Total Debt,Total Debt/Equity,Current Ratio,Book Value Per Share,Operating Cash Flow,Levered Free Cash Flow,Beta (3Y Monthly),Shares Outstanding,Forward Annual Dividend Rate,Forward Annual Dividend Yield,Trailing Annual Dividend Rate,Trailing Annual Dividend Yield,5 Year Average Dividend Yield,Payout Ratio,Net Income Avi to Common,Enterprise Value
A,Healthcare,Medical Laboratories & Research,76.93,24219000000.0,23.41,22.75,2.4,4.76,5.1,4.76,19.73,21.06,19.86,7.45,23.02,5090000000.0,16.08,5.9,2690000000.0,1230000000.0,3.34,1.0556,-19.1,1760000000.0,5.7,1800000000.0,37.88,2.13,15.33,1080000000.0,664500000.0,1.36,309470000.0,0.66,0.85,0.64,0.84,0.95,19.19,1070000000.0000001,24250000000.0
AA,Basic Materials,Aluminum,21.0,3877000000.0,nan,22.71,1.63,0.34,0.85,0.61,3.97,-7.0,9.16,4.21,-4.28,11340000000.0,61.22,-24.3,3320000000.0,1740000000.0,-4.29,1.3333,nan,841000000.0,4.53,1960000000.0,30.64,1.48,24.46,959000000.0,680750000.0,1.66,185570000.0,nan,nan,0.36,1.72,nan,0.0,-794000000.0,6930000000.0
AACG,nan,nan,1.73,40216000.0,nan,nan,nan,nan,nan,nan,nan,23098.02,0.0,-5.24,-24.81,nan,nan,1672.5,-2910000.0,nan,nan,nan,nan,nan,nan,nan,nan,9.35,nan,nan,nan,1.28,23800000.0,nan,nan,nan,nan,nan,0.0,nan,36380000.0
AAL,Services,Major Airlines,28.95,12642000000.0,8.17,5.35,0.6,0.28,79.07,0.92,6.92,3.52,8.35,4.16,nan,45390000000.0,100.9,3.0,12200000000.0,6060000000.0,3.53,1.0216,14.2,5170000000.0,11.8,34440000000.0,21525.0,0.49,0.37,3930000000.0,564120000.0,1.69,438060000.0,0.4,1.39,0.4,1.39,0.98,11.3,1600000000.0,41910000000.0
AAN,Services,Rental & Leasing Services,58.88,3952000000.0,20.18,13.11,0.85,1.0,2.12,1.15,7.13,5.09,13.81,11.48,11.03,3940000000.0,58.26,1.1,1910000000.0,634250000.0,2.92,0.8902,-9.0,150260000.0,2.24,721550000.0,38.63,1.66,27.81,344260000.0,2230000000.0,0.51,67150000.0,0.16,0.27,0.14,0.24,0.3,4.81,200270000.0,4520000000.0
AAOI,Technology,Semiconductor - Integrated Circuits,10.99,218515000.0,nan,-20.5,-1.02,1.09,0.72,1.43,-12.4,-19.57,-24.46,-6.34,-12.29,200230000.0,10.06,-18.3,87770000.0,-23100000.0,-1.97,0.625,nan,69990000.0,3.48,137980000.0,45.65,2.96,15.07,-10190000.0,-33009999.999999996,2.03,20110000.0,nan,nan,nan,nan,nan,0.0,-39190000.0,286500000.0
AAON,Industrial Goods,General Building Materials,50.76,2623000000.0,52.44,38.14,4.1,5.71,9.38,5.65,30.17,10.94,13.84,11.93,18.98,459100000.0,8.81,0.5,103530000.0,85980000.0,0.96,0.9286,-1.8,28370000.0,0.55,nan,nan,3.16,5.36,81250000.0,30010000.0,0.95,52100000.0,0.32,0.64,0.32,0.63,0.78,33.33,50230000.0,2590000000.0
AAP,Services,Auto Parts Stores,157.79,11266000000.0,26.35,18.03,1.34,1.16,3.24,1.42,14.34,4.58,7.52,4.54,12.49,9700000000.0,135.19,1.6,4230000000.0000005,963470000.0,6.17,1.0244,6.8,573730000.0,8.33,3190000000.0,92.28,1.3,50.17,838070000.0,541310000.0,0.84,69260000.0,0.24,0.15,0.24,0.15,0.17,3.87,444430000.0,13810000000.0
AAPL,Consumer Goods,Electronic Equipment,263.68,1201000000000.0,22.35,17.87,2.07,4.62,13.05,4.57,15.54,21.24,24.57,11.35,55.92,260170000000.00003,56.34,1.8,98390000000.0,76480000000.0,11.89,1.0669,-3.1,100560000000.0,22.63,108050000000.0,119.4,1.54,20.36,69390000000.0,42910000000.0,1.25,4520000000.0,3.08,1.17,3.0,1.14,1.64,25.23,55260000000.0,1190000000000.0
AAT,Financial,REIT - Retail,47.01,2832000000.0,61.1,58.31,23.34,8.18,2.15,11.72,21.25,11.43,30.57,2.65,5.01,346070000.0,6.8,20.8,211520000.0,190820000.0,0.77,0.8148,23.7,115570000.0,1.93,1360000000.0,104.58,2.89,21.97,nan,nan,0.34,59960000.0,1.2,2.54,1.12,2.39,2.49,145.45,39550000.0,4050000000.0
AAWW,Services,"Air Services, Other",25.34,653240000.0,5.86,6.33,0.56,0.24,0.3,1.28,6.96,11.9,7.58,2.28,16.22,2760000000.0,107.04,-1.2,874410000.0,506060000.0,4.31,0.3627,-15.7,72460000.0,2.8,2940000000.0,134.15,0.39,84.79,354750000.0,106720000.0,2.17,25870000.0,nan,nan,nan,nan,nan,0.0,328140000.0,3520000000.0
AAXN,nan,nan,67.35,3998000000.0,265.24,52.63,2.13,8.44,7.87,7.8,154.92,3.24,2.8,1.13,3.17,473800000.0,8.03,24.8,258579999.99999997,23870000.0,0.25,1.0769,6.9,311460000.0,5.25,11650000.0,2.29,3.13,8.56,51100000.0,12150000.0,0.62,59340000.0,nan,nan,nan,nan,nan,0.0,15340000.0,3700000000.0
AB,Financial,Asset Management,29.85,2848000000.0,13.03,10.38,2.52,11.62,1.96,11.63,nan,89.1,100.0,10.41,14.84,245140000.0,2.56,-8.4,270650000.0,nan,2.28,1.0,-9.2,nan,nan,nan,nan,nan,15.15,228640000.0,nan,1.18,95890000.0,2.52,8.48,2.32,7.77,8.16,104.39,218420000.0,2850000000.0
ABB,Industrial Goods,Diversified Machinery,22.1,47270000000.0,33.15,19.83,1.32,1.67,3.58,1.96,20.82,5.06,6.23,2.47,7.0,28310000000.0,13.28,-2.9,8600000000.0,2660000000.0,0.67,1.375,-14.6,3150000000.0,1.48,10730000000.0,78.23,1.36,6.2,2280000000.0,-1710000000.0,1.16,2130000000.0,0.79,3.59,0.81,3.71,3.02,174.74,908000000.0,55430000000.0
ABBV,Healthcare,Drug Manufacturers - Major,88.1,131068000000.00002,40.71,9.3,2.94,3.99,nan,4.85,10.3,9.9,41.11,13.45,nan,32869999999.999996,22.15,3.0,25040000000.0,15460000000.0,2.18,1.013,-31.4,10650000000.0,7.2,38840000000.0,nan,1.15,-5.56,13440000000.0,10290000000.0,0.95,1480000000.0,4.72,5.39,4.28,4.88,3.65,183.7,3230000000.0,159260000000.0
ABC,Services,Drugs Wholesale,86.0,18187000000.0,21.61,10.78,1.54,0.1,6.07,0.11,7.66,0.48,1.12,3.27,28.27,179590000000.0,854.52,5.4,5140000000.0,2470000000.0,4.04,1.019,-43.2,3370000000.0,16.22,4170000000.0,139.41,0.95,14.39,2340000000.0,1680000000.0,0.98,208330000.0,1.6,1.86,1.6,1.87,1.57,39.6,855360000.0,18960000000.0
ABCB,Financial,Regional - Mid-Atlantic Banks,43.84,3037000000.0,16.06,10.31,1.45,5.12,1.25,7.06,nan,24.22,44.46,0.99,7.51,593420000.0,11.2,68.8,439600000.0,nan,2.71,1.0316,-48.4,377690000.0,5.44,1540000000.0,nan,nan,34.87,-602570000.0,nan,1.49,69660000.0,0.6,1.38,0.45,1.03,0.79,16.19,143730000.0,4190000000.0000005
ABDC,nan,nan,9.03,115880000.0,16.98,14.06,nan,4.61,0.82,7.72,nan,27.84,70.1,4.44,4.81,25150000.0,1.93,-14.5,28970000.0,nan,0.53,0.65,-43.1,4830000.0,0.38,83110000.0,58.79,1.16,10.98,nan,nan,nan,12880000.0,0.72,8.0,0.72,7.97,11.31,135.85,7000000.0,194160000.0
ABEO,nan,nan,2.28,118678000.0,nan,-1.55,nan,246.22,1.23,163.76,-1.1,0.0,-16325.52,-32.42,-62.79,482000.0,0.01,nan,-35700000.0,-71550000.0,-1.59,0.7955,nan,47920000.0,0.94,8180000.0,8.51,2.45,1.88,-65540000.00000001,-43240000.0,2.01,51150000.0,nan,nan,nan,nan,nan,0.0,-77330000.0,78930000.0
ABEV,nan,nan,4.17,65397999999.99999,23.86,21.0,3.62,nan,4.26,nan,nan,20.98,0.0,10.63,18.05,nan,nan,8.1,30960000000.0,nan,0.176,1.0,-11.6,nan,nan,nan,6.1,1.33,0.99,nan,nan,0.56,15730000000.0,0.24,5.7,0.14,3.42,2.26,45.27,nan,66069999999.99999
ABG,Services,Auto Dealerships,110.18,2123000000.0000002,11.76,11.17,0.71,0.3,3.54,0.57,11.12,2.55,4.65,7.74,33.53,7100000000.0,369.82,4.8,1100000000.0,365400000.0,9.35,1.0043,1.6,1800000.0,0.09,1940000000.0,323.82,1.17,31.08,251400000.0,92260000.0,1.22,19300000.0,nan,nan,nan,nan,nan,0.0,181200000.0,4059999999.9999995
ABIL,nan,nan,0.34,2717000.0,nan,nan,nan,5.04,0.6,-14.48,0.81,0.0,-1886.83,-28.01,-492.22,539000.0,0.18,-94.8,-1100000.0,-9690000.0,-3.446,-1.6667,nan,9860000.0,1.56,nan,nan,1.12,0.56,-5090000.0,-1270000.0,0.31,8039999.999999999,nan,nan,nan,nan,nan,0.0,-10190000.0,-7810000.0
ABIO,Healthcare,Biotechnology,5.16,8066000.000000001,nan,-0.52,nan,nan,0.92,nan,0.25,0.0,0.0,-41.2,-70.66,nan,nan,nan,nan,-6040000.0,-5.15,0.5846,nan,9640000.0,6.05,15000.0,0.17,8.61,5.52,-4990000.0,-3310000.0,1.85,1590000.0,nan,nan,nan,nan,nan,0.0,-5750000.0,-1480000.0
ABM,Services,Business Services,38.58,2516000000.0,28.28,17.79,1.15,0.39,1.67,0.52,10.97,1.37,3.1,3.36,5.97,6500000000.0,97.77,1.5,694800000.0,309300000.0,1.34,1.0526,9.5,60500000.0,0.91,936700000.0,62.3,1.5,22.65,227500000.0,178850000.0,0.61,66360000.0,0.72,1.9,0.71,1.87,1.93,54.17,88300000.0,3390000000.0
ABMD,Healthcare,Medical Appliances & Equipment,221.82,10080000000.0,46.6,45.19,1.77,12.29,10.19,11.76,36.38,26.92,30.28,15.44,24.75,820280000.0,18.16,12.8,639870000.0,265220000.00000003,4.79,0.3011,-73.9,445320000.0,9.86,12700000.0,1.28,5.77,21.92,283890000.0,159590000.0,0.37,45160000.0,nan,nan,nan,nan,nan,0.0,220820000.0,9650000000.0
ABR,Financial,REIT - Diversified,15.1,1470000000.0,10.89,10.98,1.45,3.44,1.52,13.2,nan,30.52,45.39,3.21,14.74,427000000.0,4.91,15.3,353810000.0,nan,1.38,1.0606,21.0,140380000.0,1.44,4050000000.0,337.58,6.48,9.9,214950000.0,nan,0.62,97750000.0,1.2,7.98,1.14,7.56,8.23,79.29,122750000.0,5640000000.0
ABT,Healthcare,Medical Appliances & Equipment,84.67,151575000000.0,46.58,23.81,2.23,4.83,4.76,5.34,21.61,10.5,15.08,4.22,10.47,31360000000.0,17.75,5.5,17920000000.0,7750000000.0,1.84,1.0,70.5,4340000000.0,2.45,20000000000.0,62.47,1.54,17.99,5490000000.0,3580000000.0,1.11,1770000000.0,1.28,1.52,1.28,1.52,1.99,67.39,3270000000.0,167440000000.0
ABTX,nan,nan,34.88,721087000.0,14.4,14.09,nan,3.89,1.02,3.78,nan,28.15,40.05,1.31,10.08,185240000.0,8.62,50.6,132039999.99999999,nan,2.41,0.8636,35.7,300620000.0,14.44,279390000.0,nan,nan,34.06,68360000.0,nan,1.39,20810000.0,nan,nan,nan,nan,nan,0.0,52140000.0,699860000.0
ABUS,Healthcare,Biotechnology,1.54,85844000.0,nan,-1.06,nan,14.14,nan,22.01,-1.92,0.0,-1182.29,-24.74,-98.57,6070000.0,0.11,92.9,-51990000.0,-69750000.0,-2.814,0.5676,nan,90080000.0,1.59,3470000.0,4.15,10.7,-0.89,-74730000.0,-43180000.0,1.74,56850000.0,nan,nan,nan,nan,nan,0.0,-158230000.0,133639999.99999999
ACA,nan,nan,38.31,1849000000.0,15.61,14.7,1.36,1.11,1.05,1.12,8.06,7.2,8.96,4.87,7.57,1660000000.0,34.64,17.5,272000000.0,230200000.0,2.45,1.2593,921.9,127500000.0,2.63,134199999.99999999,7.6,3.01,36.56,219000000.0,49840000.0,nan,48390000.0,0.2,0.52,0.2,0.52,nan,6.04,118700000.0,1860000000.0
ACAD,Healthcare,Biotechnology,45.87,7101000000.0,nan,-35.46,-1.05,23.64,10.27,21.4,-25.25,-82.48,-85.71,-31.18,-54.28,300320000.0,2.12,62.2,18310000.0,-254510000.0,-1.75,0.725,nan,683850000.0,4.44,10270000.0,1.49,10.96,4.49,-160500000.0,-73020000.0,2.82,154020000.0,nan,nan,nan,nan,nan,0.0,-247720000.0,6430000000.0
ACBI,nan,nan,18.97,411940000.0,8.96,15.43,2.09,4.73,1.27,6.13,nan,59.15,40.84,1.08,8.78,87150000.0,3.58,7.9,84350000.0,nan,2.1,1.2222,25.7,82810000.0,3.78,204780000.0,nan,nan,14.81,97910000.0,nan,1.0,21890000.0,nan,nan,nan,nan,nan,0.0,28500000.0,533909999.99999994
ACC,Financial,REIT - Residential,46.84,6468000000.0,61.21,71.32,4.44,6.93,1.94,11.21,22.06,11.55,20.92,1.66,3.03,933080000.0,6.8,6.7,465370000.0,474110000.0,0.77,-14.0,nan,56220000.0,0.41,3840000000.0,108.45,1.27,24.26,383410000.0,375080000.0,0.36,137400000.0,1.88,3.99,1.86,3.97,3.86,241.56,106030000.0,10460000000.0
ACCO,Consumer Goods,Office Supplies,9.45,908764000.0,9.7,7.15,0.81,0.47,1.19,0.97,6.91,5.05,10.84,4.78,12.97,1950000000.0,19.3,-0.3,627900000.0,274100000.0,0.97,0.9697,-21.3,37700000.0,0.39,1020000000.0,133.38,1.62,7.89,185200000.0,151160000.0,1.78,96990000.0,0.26,2.77,0.24,2.56,nan,25.0,98300000.0,1890000000.0
ACER,nan,nan,3.17,33617000.0,nan,-2.64,nan,nan,1.47,nan,-0.56,0.0,0.0,-49.35,-86.24,nan,nan,nan,nan,-31850000.0,-3.248,0.9123,nan,16120000.000000002,1.6,492200.0,2.15,7.09,2.27,-30110000.0,-17490000.0,0.83,10100000.0,nan,nan,nan,nan,nan,0.0,-32759999.999999996,17990000.0
ACGL,Financial,Property & Casualty Insurance,40.71,16468000000.0,11.88,13.77,1.27,2.52,1.58,2.91,10.84,22.13,25.49,3.07,12.77,6540000000.0,16.28,19.9,1760000000.0,1750000000.0,3.42,1.0161,72.6,2020000000.0,5.01,2940000000.0,24.37,1.93,25.71,1980000000.0,1020000000.0,0.63,405310000.0,nan,nan,nan,nan,nan,0.0,1400000000.0,19000000000.0
ACHC,Healthcare,Specialized Health Services,31.12,2789000000.0,nan,13.46,2.37,0.91,1.14,2.1,11.57,-6.89,12.92,3.74,-8.18,3070000000.0,35.07,2.1,1230000000.0,558380000.0,-2.41,0.9455,-7.9,92900000.0,1.05,3730000000.0,152.15,1.17,27.62,341430000.0,47230000.0,0.66,88520000.0,nan,nan,nan,nan,nan,0.0,-211460000.0,6460000000.0
ACHN,Healthcare,Biotechnology,6.39,875294000.0,nan,-8.01,-0.61,nan,4.02,nan,-9.15,0.0,0.0,-19.09,-29.96,nan,nan,nan,-50120000.0,-79080000.0,-0.54,0.875,nan,153690000.0,1.1,2270000.0,1.05,8.96,1.55,-59980000.0,-33700000.0,1.66,140050000.0,nan,nan,nan,nan,nan,0.0,-74570000.0,723880000.0
ACHV,nan,nan,0.85,7040000.0,nan,-0.57,nan,nan,0.84,nan,0.02,0.0,0.0,-74.34,-150.98,nan,nan,nan,nan,-16770000.0,-2.345,1.5,nan,7380000.0,0.88,nan,nan,2.43,1.0,-15340000.0,-8980000.0,1.19,8350000.0,nan,nan,nan,nan,nan,0.0,-16840000.0,-335290.0
ACIA,nan,nan,66.76,2768000000.0,101.02,30.08,-2.85,6.25,4.99,5.57,67.21,6.58,5.4,2.28,5.48,443120000.0,10.9,26.1,147120000.0,36700000.0,0.66,1.3636,85.3,322350000.0,7.81,20740000.0,3.74,3.91,13.43,95690000.0,74910000.0,1.73,41270000.0,nan,nan,nan,nan,nan,0.0,29140000.0,2470000000.0
ACIU,nan,nan,6.9,470234000.0,nan,-8.0,nan,nan,2.33,nan,nan,45.09,0.0,11.66,20.73,nan,nan,1349.5,-37080000.0,nan,-0.55,1.4706,nan,nan,nan,nan,0.86,22.08,2.99,nan,nan,0.09,67560000.0,nan,nan,nan,nan,nan,0.0,nan,498770000.0
ACIW,Technology,Technical & System Software,33.88,3898000000.0,40.48,27.64,3.02,3.31,3.68,4.47,23.2,8.42,14.93,4.13,9.82,1180000000.0,10.11,44.5,579430000.0,226860000.0,0.83,2.0769,108.8,121580000.0,1.05,1490000000.0,140.43,1.37,9.16,172410000.0,96030000.0,1.28,115600000.0,nan,nan,nan,nan,nan,0.0,99270000.0,5260000000.0
ACLS,Technology,Semiconductor Equipment & Materials,22.46,737256000.0,48.38,21.25,2.63,2.16,1.81,1.87,23.52,4.63,6.6,2.68,3.92,340920000.0,10.47,-27.2,179640000.0,27060000.0,0.47,-2.0,-92.0,155320000.0,4.79,54670000.0,13.4,5.61,12.59,29400000.0,27630000.0,1.3,32420000.0,nan,nan,nan,nan,nan,0.0,15790000.0,636610000.0
ACM,Services,Technical Services,43.76,6785000000.0,nan,11.64,1.35,0.34,1.84,0.46,10.14,-1.29,3.32,2.87,-4.5,20170000000.0,128.46,-3.6,813450000.0,919210000.0,-1.66,0.9875,nan,1080000000.0,6.88,3400000000.0,87.27,1.17,23.43,777620000.0,677580000.0,1.74,157090000.0,nan,nan,nan,nan,nan,0.0,-261050000.0,9320000000.0
ACMR,Services,"Specialty Retail, Other",14.47,262394000.0,15.47,17.37,0.71,2.53,2.85,2.52,15.22,16.61,15.98,7.69,20.94,103760000.0,6.37,44.2,34450000.0,17200000.0,0.93,2.65,127.9,47260000.0,2.6,19870000.0,16.81,2.91,5.06,4890000.0,-24400000.0,-0.63,16329999.999999998,nan,nan,nan,nan,nan,0.0,17240000.0,261890000.0
ACN,Technology,Information Technology Services,195.9,125164000000.0,26.74,22.94,2.89,2.9,8.68,2.76,17.23,11.06,14.59,14.53,37.93,43220000000.0,67.72,5.3,13310000000.0,6920000000.0,7.36,1.0175,9.8,6130000000.0,9.65,22660000.0,0.15,1.4,22.66,6630000000.0,5420000000.0,1.02,635060000.0,3.72,1.9,2.26,1.15,1.85,39.67,4780000000.0,119300000000.0
ACOR,Healthcare,Biotechnology,1.83,86695000.0,nan,-1.25,-0.03,0.41,0.3,1.03,-2.34,-155.89,-56.76,-6.84,-74.78,211060000.0,4.44,-66.6,372120000.0,-92740000.0,-6.929,0.902,nan,253160000.0,5.27,383580000.0,136.34,3.42,5.92,-129080000.00000001,-143000000.0,1.18,48030000.0,nan,nan,nan,nan,nan,0.0,-329030000.0,217060000.0
ACRE,Financial,REIT - Diversified,15.33,444530000.0,11.85,11.08,1.89,6.38,1.04,23.85,nan,53.6,54.13,2.19,8.79,69690000.0,2.44,38.9,55280000.0,nan,1.3,1.0303,-9.3,5950000.0,0.21,1230000000.0,288.18,6.49,14.87,35810000.0,nan,0.61,28870000.0,1.32,8.57,1.3,8.5,8.26,100.0,37350000.0,1660000000.0
ACRS,nan,nan,1.8,75741000.0,nan,-1.12,0.0,8.56,0.89,2.12,-0.13,0.0,-1669.87,-54.84,-145.32,8840000.0,0.22,-12.1,3240000.0,-145540000.0,-4.457,2.3509,nan,91430000.0,2.21,34420000.0,40.36,3.73,2.06,-103300000.0,-96810000.0,0.96,41390000.0,nan,nan,nan,nan,nan,0.0,-168280000.0,18730000.0
ACRX,Healthcare,Medical Appliances & Equipment,1.75,133683000.0,nan,-2.71,nan,55.08,nan,33.84,-1.68,0.0,-2067.99,-34.33,nan,2430000.0,0.03,61.3,-14960000.0,-48900000.0,-0.669,0.7273,nan,80400000.0,1.01,28840000.0,nan,7.49,-0.35,-46020000.0,-31270000.0,2.05,79570000.0,nan,nan,nan,nan,nan,0.0,-51380000.0,82120000.0
ACST,Healthcare,Biotechnology,2.1,175146000.0,nan,-5.83,nan,nan,nan,nan,nan,0.0,0.0,-90.53,nan,nan,nan,nan,nan,nan,-1.224,1.2917,nan,nan,nan,nan,nan,1.81,-0.3,nan,nan,0.31,85330000.0,nan,nan,nan,nan,nan,0.0,nan,174060000.0
ACTG,Services,Business Services,3.04,148513000.0,nan,nan,nan,2.49,0.86,-0.32,38.51,-48.72,-10.2,-1.87,-15.48,59760000.0,1.2,-87.5,49370000.0,-493000.0,-0.586,-1.375,nan,169330000.0,3.36,nan,nan,16.41,3.43,-52370000.0,1360000.0,0.6,50340000.0,nan,nan,0.12,4.18,nan,0.0,-29120000.0,-18990000.0
ACTT,nan,nan,9.87,371250000.0,nan,nan,nan,nan,17.81,nan,nan,0.0,0.0,nan,nan,nan,nan,nan,nan,nan,nan,nan,nan,1160000.0,0.13,nan,nan,nan,0.56,nan,nan,nan,30000000.0,nan,nan,nan,nan,nan,nan,nan,nan
ACU,Consumer Goods,Housewares & Accessories,0.0,69020000.0,13.77,12.48,1.4,0.49,1.25,0.77,9.29,3.67,5.81,4.43,9.54,139720000.0,41.65,6.5,50650000.0,11530000.0,1.5,1.0714,31.2,5700000.0,1.7,43770000.0,79.54,4.64,16.42,16239999.999999998,13190000.0,1.3,3350000.0,0.48,2.33,0.48,2.29,2.03,32.0,5130000.0,107090000.0
ACY,Services,Rental & Leasing Services,0.0,6137000.0,nan,3.05,nan,0.13,0.2,2.71,3.55,-29.24,49.25,7.17,-36.73,45990000.0,29.75,222.0,29890000.0,35070000.0,-8.7,-20.0,nan,2060000.0,1.33,120510000.0,400.16,9.69,19.48,11540000.0,25050000.0,0.1,1550000.0,nan,nan,nan,nan,nan,0.0,-13450000.0,124590000.0
ADAP,Healthcare,Biotechnology,0.8187,76245000.0,nan,-0.66,-0.53,40.71,0.52,-0.9,0.01,0.0,-7555.85,-34.16,-67.94,1870000.0,0.02,-99.4,-38760000.0,-133509999.99999999,-1.391,1.1613,nan,102860000.0,0.98,24940000.0,16.89,3.93,1.4,-131660000.0,-85610000.0,1.7,105170000.0,nan,nan,nan,nan,nan,0.0,-143970000.0,-1680000.0
ADBE,Technology,Application Software,296.54,144014000000.0,52.94,30.51,1.92,13.53,14.08,13.58,40.52,26.1,28.36,10.64,29.08,10640000000.0,21.84,23.7,7840000000.0,3570000000.0,5.62,1.0406,19.0,3650000000.0,7.54,4139999999.9999995,40.39,0.74,21.12,4150000000.0000005,2850000000.0,1.08,484080000.0,nan,nan,nan,nan,nan,0.0,2780000000.0,144500000000.0
ADC,Financial,Property Management,74.53,3167000000.0,41.44,41.49,-48.16,17.21,2.12,22.22,27.41,38.42,51.62,2.78,5.58,184080000.0,4.76,41.2,131180000.0,149200000.0,1.8,1.1429,32.2,9350000.0,0.22,944890000.0,63.4,0.71,35.26,117540000.0,115160000.0,0.02,42410000.0,2.28,3.05,2.25,3.02,4.32,127.12,70750000.0,4090000000.0
ADES,Industrial Goods,Pollution & Treatment Controls,10.24,183472000.0,5.51,2.05,0.11,2.84,1.67,3.4,58.46,51.71,-2.47,-0.76,35.78,64670000.0,3.5,271.7,18690000.0,3760000.0,1.79,0.2625,-28.7,15150000.0,0.84,56280000.0,52.46,1.26,5.92,42020000.0,-22820000.0,1.16,18590000.0,1.0,9.71,1.0,9.71,nan,55.56,33380000.000000004,219970000.0
ADI,Technology,Semiconductor - Integrated Circuits,114.7,41891000000.0,28.78,21.36,2.18,6.91,3.55,7.77,17.7,24.4,30.58,5.5,13.06,6060000000.0,16.4,-5.0,4230000000.0000005,2660000000.0,3.94,1.0328,-11.3,612160000.0,1.66,5810000000.0,49.29,1.35,31.92,2310000000.0,1240000000.0,1.42,369410000.0,2.16,1.91,2.1,1.85,2.29,51.78,1470000000.0,47090000000.0
ADIL,nan,nan,1.59,15773000.0,nan,nan,nan,nan,1.82,nan,-1.26,0.0,0.0,-48.97,-114.24,nan,nan,nan,nan,-5780000.0,-0.881,1.1667,nan,8530000.0,0.83,nan,nan,12.23,0.85,-5690000.0,1880000.0,nan,10240000.0,nan,nan,nan,nan,nan,0.0,-7800000.0,7280000.0
ADM,Consumer Goods,Farm Products,42.93,23865000000.0,20.41,12.99,-1.9,0.37,1.27,0.51,13.0,1.85,2.4,2.37,6.3,64269999999.99999,113.96,5.9,4179999999.9999995,2520000000.0,2.1,1.1159,-24.1,958000000.0,1.72,9760000000.0,51.52,1.6,33.88,-4740000000.0,1260000000.0,1.1,556690000.0,1.4,3.27,1.38,3.24,2.81,65.95,1190000000.0,32740000000.000004
ADMA,Healthcare,Biotechnology,4.06,245578000.0,nan,-5.75,nan,11.49,6.8,13.19,-5.95,-260.93,-234.67,-25.68,-152.08,21370000.0,0.42,70.7,-25210000.0,-47390000.0,-1.091,0.8261,nan,48010000.0,0.81,84320000.0,233.47,6.42,0.61,-75330000.0,-56940000.0,2.7,59320000.0,nan,nan,nan,nan,nan,0.0,-55760000.0,281900000.0
ADMP,Healthcare,Drug Delivery,0.88,53480000.0,nan,-3.1,nan,2.58,1.33,2.2,-1.34,-175.77,-178.29,-37.54,-74.26,20730000.0,0.42,54.0,5290000.0,-34080000.0,-0.734,1.5,nan,12120000.0,0.2,4260000.0,10.56,1.69,0.65,-29220000.0,-17460000.0,1.38,61630000.0,nan,nan,nan,nan,nan,0.0,-36430000.0,45610000.0
ADMS,Healthcare,Drugs - Generic,5.6,154471000.0,nan,-2.01,-0.04,2.99,7.82,2.72,-1.51,-215.09,-182.5,-26.9,-165.47,51600000.0,1.87,31.3,33409999.999999996,-92850000.0,-4.03,1.1124,nan,150240000.0,5.39,136000000.0,688.34,6.35,0.71,-86070000.0,-56340000.0,1.6,27860000.0,nan,nan,nan,nan,nan,0.0,-110990000.0,140230000.0
ADNT,Basic Materials,Industrial Metals & Minerals,20.48,1940000000.0,nan,7.56,0.41,0.12,1.05,0.31,11.8,-2.97,0.71,0.69,-16.31,16530000000.000002,176.56,-5.4,829000000.0,436000000.0,-5.25,2.4231,nan,924000000.0,9.87,3740000000.0,166.88,1.07,19.74,308000000.0,-110880000.0,3.3,93620000.0,1.1,2.8,0.28,1.35,nan,846.15,-491000000.0,5150000000.0
ADP,Technology,Business Software & Services,171.19,74065000000.0,31.52,24.7,1.78,5.16,13.84,5.26,21.17,16.5,21.87,5.22,47.21,14360000000.0,33.09,5.6,6390000000.0,3570000000.0,5.43,1.0075,15.2,4950000000.0,11.44,6430000000.0,119.92,1.01,12.37,2970000000.0,2089999999.9999998,0.88,432700000.0,3.64,2.14,3.16,1.86,2.11,58.2,2370000000.0,75540000000.0
ADPT,Healthcare,Hospitals,27.25,3545000000.0,nan,-22.45,nan,45.42,6.05,38.37,-49.07,-78.49,-87.56,nan,nan,78050000.0,1.89,51.6,-3160000.0,-61040000.0,-1.51,8.7857,nan,573430000.0,4.61,23450000.0,4.0,8.19,4.71,226780000.0,nan,nan,124340000.0,nan,nan,nan,nan,nan,0.0,-62130000.0,2990000000.0
ADRO,Healthcare,Biotechnology,1.15,88566000.0,nan,-1.41,-0.12,5.41,1.08,-6.68,1.33,0.0,-533.39,-16.01,-74.48,16379999.999999998,0.2,56.7,-60750000.0,-82470000.0,-1.119,1.1304,nan,231790000.0,2.88,33820000.0,41.22,7.26,1.02,-44530000.0,-19290000.0,1.45,80510000.0,nan,nan,nan,nan,nan,0.0,-89280000.0,-109400000.0
ADS,Services,Business Services,106.87,4765000000.0,11.75,4.95,1.68,0.62,3.19,2.96,13.32,6.04,17.76,3.01,37.64,7710000000.0,148.76,1.0,2069999999.9999998,1710000000.0,8.81,0.9693,nan,4510000000.0,97.98,22550000000.0,1506.37,2.1,32.47,2260000000.0,2410000000.0,1.63,46060000.0,2.52,2.35,2.46,2.31,nan,18.26,704300000.0,22800000000.0
ADSK,Technology,Technical & System Software,158.36,35518000000.0,624.52,35.94,0.69,12.12,nan,12.52,127.99,1.95,6.8,2.86,nan,2930000000.0,13.36,30.3,2300000000.0,286600000.0,0.26,1.0656,nan,991300000.0,4.51,2160000000.0,nan,0.56,-0.88,791200000.0,632370000.0,1.84,219620000.0,nan,nan,nan,nan,nan,0.0,57000000.0,36680000000.0
ADT,Services,Security & Protection Services,8.28,6322000000.0,nan,8.07,1.07,1.26,1.7,3.24,7.04,-10.01,6.4,1.18,-12.31,5010000000.0,6.68,13.3,3540000000.0,2310000000.0,-0.67,1.1875,nan,155770000.0,0.21,10080000000.0,271.72,0.89,4.95,1840000000.0,-12010000.0,nan,753570000.0,0.14,1.68,0.14,1.69,nan,nan,-501630000.0,16250000000.0
ADTN,Technology,Communication Equipment,9.32,445741000.0,nan,155.33,59.94,0.8,1.13,0.66,-29.79,-8.98,-5.32,-3.0,-11.6,554360000.0,11.6,-18.7,203560000.0,-12250000.0,-1.04,1.0,nan,125160000.0,2.62,44320000.0,11.22,2.73,8.26,16840000.0,-3280000.0,1.17,47830000.0,0.36,3.86,0.36,3.89,2.15,nan,-49800000.0,364900000.0
ADUS,Healthcare,Home Health Care,84.67,1313000000.0,57.67,27.48,2.47,2.19,2.77,1.9,27.07,3.33,5.48,3.9,5.52,598150000.0,45.32,23.3,138000000.0,42100000.0,1.46,1.069,34.0,239610000.0,15.55,78700000.0,16.75,5.07,30.5,16610000.0,4790000.0,-0.17,15560000.0,nan,nan,nan,nan,nan,0.0,20360000.0,1140000000.0
ADVM,nan,nan,9.01,605190000.0,nan,-8.22,nan,1891.22,3.68,1470.72,-8.08,0.0,-18703.44,-17.34,-32.24,320000.0,0.0,-70.0,-48520000.0,-58240000.0,-0.96,0.9615,nan,161980000.0,2.51,27420000.0,16.7,9.44,2.54,-47060000.0,-34670000.0,2.55,64590000.0,nan,nan,nan,nan,nan,0.0,-61220000.0,470630000.0
ADXS,Healthcare,Biotechnology,0.3865,9859000.0,nan,-0.26,nan,0.45,0.16,-1.45,1.2,-113.67,-127.9,-30.03,-60.59,22010000.0,3.6,-99.5,6060000.0,-26630000.0,-4.094,0.7273,nan,41760000.0,1.69,nan,nan,8.02,2.56,-40230000.0,-16570000.0,3.2,18670000.0,nan,nan,nan,nan,nan,0.0,-25020000.0,-31900000.0
AEE,Utilities,Electric Utilities,76.49,18851000000.0,23.55,22.02,4.99,3.28,2.34,5.0,12.32,13.96,23.31,3.02,10.1,5740000000.0,23.42,-3.8,2790000000.0,2330000000.0,3.25,1.0138,2.0,20000000.0,0.08,9570000000.0,116.64,0.65,32.77,2150000000.0,-569250000.0,0.21,246030000.0,1.98,2.59,1.9,2.48,3.2,58.46,802000000.0,28740000000.0
AEG,nan,nan,4.62,9359000000.0,4.23,nan,nan,nan,0.34,nan,nan,1.28,0.0,0.12,2.19,nan,nan,132.7,4690000000.0,nan,1.092,nan,-38.1,nan,nan,nan,45.5,9775.33,13.54,nan,nan,1.3,2009999999.9999998,0.33,7.3,0.33,7.13,5.41,144.7,nan,9470000000.0
AEGN,Industrial Goods,Heavy Construction,21.9,664860000.0,nan,14.91,1.19,0.54,1.54,0.8,11.37,-0.71,4.08,3.12,-1.85,1240000000.0,39.32,-9.1,268810000.0,87230000.0,-0.28,1.0,nan,51980000.0,1.69,372540000.0,84.97,1.99,14.02,57300000.0,30240000.0,2.19,30760000.0,nan,nan,nan,nan,nan,0.0,-8810000.0,991990000.0
AEHR,Technology,Semiconductor Equipment & Materials,2.21,50712000.0,nan,nan,0.92,2.32,3.31,2.2,-16.9,-18.92,-14.93,-7.85,-24.74,21850000.0,0.97,16.7,7600000.0,-2850000.0,-0.184,0.5,nan,5270000.0,0.23,2690000.0,17.61,4.03,0.67,-4860000.0,-2690000.0,0.65,22740000.0,nan,nan,nan,nan,nan,0.0,-4130000.0,48120000.0
AEIS,Technology,Diversified Electronics,64.89,2521000000.0,34.07,18.95,2.9,4.17,3.82,4.36,31.28,12.25,10.73,3.34,10.36,604840000.0,15.8,1.2,367500000.0,84280000.0,1.93,1.4595,-78.1,341150000.0,8.9,456020000.0,69.08,2.47,17.21,66510000.00000001,-52270000.0,1.51,38330000.0,nan,nan,nan,nan,nan,0.0,65200000.0,2640000000.0
AEL,Financial,Life Insurance,28.63,2597000000.0,32.74,6.89,0.51,1.37,0.63,1.18,15.15,4.2,7.6,0.14,2.41,1900000000.0,20.91,-46.1,-654330000.0,148230000.0,0.87,2.5657,-77.9,1140000000.0,12.51,788130000.0,19.1,0.25,45.35,1750000000.0,708600000.0,1.96,91050000.0,0.28,0.98,0.28,0.99,0.96,32.18,79760000.0,2250000000.0
AEM,Basic Materials,Gold,58.89,14008000000.0,nan,31.18,0.97,6.15,2.93,6.79,17.37,-11.06,11.27,1.93,-5.18,2280000000.0,9.67,31.7,1050000000.0,890580000.0,-1.07,1.3704,349.6,340100000.0,1.42,1800000000.0,37.73,1.42,20.01,764510000.0,-325620000.0,-0.52,238980000.0,0.7,1.19,0.49,0.82,0.98,nan,-252180000.0,15470000000.0
AEMD,Healthcare,Medical Appliances & Equipment,3.2736,4583000.0,nan,-1.07,nan,41.67,28.39,35.06,-0.61,0.0,-5773.22,-121.12,-368.97,110000.0,0.09,nan,229620.0,-6330000.0,-5.88,1.1727,nan,785660.0,0.55,187490.0,906.95,0.77,0.11,-4800000.0,-2020000.0,0.96,1440000.0,nan,nan,nan,nan,nan,0.0,-7430000.0,3860000.0
AEO,Services,Apparel Stores,16.33,2798000000.0,10.87,10.35,2.28,0.67,2.28,0.98,7.89,6.4,8.29,8.3,21.48,4179999999.9999995,24.0,7.9,1800000000.0,519620000.0,1.52,1.2188,7.7,317170000.0,1.88,1620000000.0,131.68,1.34,7.27,421840000.0,147060000.0,0.87,172220000.0,0.55,3.32,0.55,3.4,3.07,36.18,267370000.0,4099999999.9999995
AEP,Utilities,Electric Utilities,89.53,44238000000.0,20.77,20.4,3.77,2.81,2.24,4.69,14.07,13.53,19.07,2.65,10.88,15750000000.0,31.91,-0.4,6180000000.0,5250000000.0,4.31,1.1061,27.0,547200000.0,1.11,29740000000.0,148.2,0.48,39.92,4640000000.0,-2200000000.0,0.07,493950000.0,2.8,3.13,2.68,2.99,3.4,62.18,2130000000.0,73840000000.0
AERI,Healthcare,Drug Manufacturers - Major,18.35,876866000.0,nan,-8.23,nan,14.69,4.16,12.36,-4.11,0.0,-317.45,-30.04,-82.04,59690000.0,1.32,154.0,-3000000.0,-179660000.0,-4.32,1.075,nan,340780000.0,7.36,201590000.0,96.36,5.43,4.55,-154820000.0,-92140000.0,0.5,46320000.0,nan,nan,nan,nan,nan,0.0,-195980000.0,737680000.0
AES,Utilities,Electric Utilities,18.4,12249000000.0,24.21,12.81,1.54,1.18,3.9,3.19,10.27,4.9,21.42,4.22,13.41,10380000000.0,15.64,-7.5,2570000000.0,3230000000.0,0.76,1.1707,107.9,1480000000.0,2.23,20090000000.0,368.89,1.1,4.73,2390000000.0,-593750000.0,1.04,663890000.0,0.55,2.97,0.54,2.93,3.49,74.93,482000000.0,33170000000.0
AEY,Services,Electronics Wholesale,2.34,23313000.0,nan,nan,nan,0.37,0.75,0.34,-13.98,-13.52,-5.08,-4.53,-22.17,63540000.0,6.14,128.8,11220000.0,-1560000.0,-0.833,nan,nan,2670000.0,0.26,750000.0,2.42,2.31,2.99,-2190000.0,8980000.0,0.5,10360000.0,nan,nan,nan,nan,nan,0.0,-7800000.0,21800000.0
AEZS,Healthcare,Biotechnology,1.0,19918000.0,nan,-1.54,nan,10.3,nan,5.22,-0.96,0.0,-549.37,-26.2,-389.57,1910000.0,0.12,-57.3,24780000.0,-10380000.0,-0.627,0.1176,nan,10860000.0,0.54,1050000.0,nan,2.34,-0.11,-10450000.0,-5250000.0,2.61,19990000.0,nan,nan,nan,nan,nan,0.0,-10160000.0,9950000.0
AFG,Financial,Property & Casualty Insurance,108.81,9797000000.0,15.01,12.35,2.31,1.29,1.55,2.57,16.97,8.68,11.93,0.85,11.2,7570000000.0,84.51,5.8,1070000000.0000001,1140000000.0,7.24,1.1139,-27.9,2870000000.0,15.91,2700000000.0,42.78,1.39,70.13,2500000000.0,1740000000.0,0.82,90180000.0,1.8,1.66,1.6,1.47,1.41,22.13,657000000.0,19430000000.0
AFH,Financial,Property & Casualty Insurance,0.55,6674000.0,nan,nan,nan,0.03,0.14,-0.04,0.58,-16.63,-8.2,-2.41,-52.89,221770000.0,18.49,-11.7,-17810000.0,-15060000.0,-3.08,-9.2766,nan,39650000.0,3.32,24250000.0,49.68,0.64,4.09,nan,nan,0.99,11940000.0,nan,nan,nan,nan,nan,0.0,-36890000.0,-8710000.0
AFI,nan,nan,3.75,80196000.0,nan,-3.01,-0.06,0.13,0.26,0.14,27.23,-32.0,-8.36,-4.55,-12.95,638800000.0,25.4,-20.7,143200000.0,3400000.0,-8.128,-1.9615,nan,66599999.99999999,3.1,79000000.0,25.77,2.13,14.26,42900000.0,162150000.0,2.2,21500000.0,nan,nan,nan,nan,nan,0.0,-55900000.0,92600000.0
AFIN,nan,nan,14.91,1601000000.0,nan,12.82,nan,5.36,0.96,10.67,18.99,-2.69,18.67,1.04,-0.48,298600000.0,2.81,-2.7,208380000.0,167740000.0,-0.11,-0.037,nan,76840000.0,0.72,1650000000.0,97.7,5.51,15.67,99470000.0,124630000.0,nan,106760000.0,1.1,7.41,1.1,7.41,nan,nan,-11800000.0,3190000000.0
AFL,Financial,Accident & Health Insurance,54.41,39931000000.0,13.44,12.14,3.12,1.83,1.36,1.99,9.9,13.96,19.88,1.86,11.57,21830000000.0,29.14,-0.7,7190000000.0,4380000000.0,4.05,1.0841,-8.0,4950000000.0,6.74,8420000000.0,28.61,0.45,40.04,5620000000.0,4350000000.0,0.7,734020000.0,1.08,1.99,1.07,1.97,2.27,26.35,3050000000.0,43400000000.0
AFMD,Healthcare,Biotechnology,2.44,188283000.0,nan,-5.49,nan,nan,3.69,nan,nan,-30.58,0.0,-10.18,-29.36,nan,nan,2572.0,23750000.0,nan,-0.717,1.3571,nan,nan,nan,nan,13.69,3.48,0.67,nan,nan,2.88,62430000.0,nan,nan,nan,nan,nan,0.0,nan,154230000.0
AFYA,nan,nan,27.21,2424000000.0,nan,28.8,16.38,nan,nan,nan,nan,20.41,0.0,nan,nan,nan,nan,137.2,169540000.0,nan,nan,16.5238,-20.3,nan,nan,nan,34.78,0.61,nan,nan,nan,nan,29750000.0,nan,nan,nan,nan,nan,0.0,nan,73090000.0
AG,Basic Materials,Silver,10.59,2168000000.0,nan,151.43,1.96,6.35,3.25,6.47,30.2,-48.29,-36.59,-7.39,-23.18,341600000.0,1.72,9.6,80260000.0,73140000.0,-0.83,2.0,45.0,125070000.0,0.61,163350000.0,24.49,3.69,3.27,104910000.0,28550000.0,0.91,204790000.0,nan,nan,nan,nan,nan,0.0,-164970000.0,2210000000.0
AGCO,Industrial Goods,Farm & Construction Machinery,79.68,6052000000.0,19.87,14.26,1.09,0.66,2.04,0.86,9.46,3.42,6.05,4.31,10.32,9120000000.0,118.9,-4.8,2000000000.0,826700000.0,4.03,1.0513,-89.3,282000000.0,3.73,1990000000.0,65.47,1.31,39.21,519700000.00000006,215880000.0,0.99,75520000.0,0.64,0.8,0.62,0.77,0.91,15.42,312200000.0,7820000000.0
AGEN,Healthcare,Biotechnology,3.78,510983000.0,nan,-2.57,nan,4.19,nan,3.8,-5.62,-102.75,-72.94,-36.44,nan,122000000.0,0.93,55.8,-87820000.0,-82440000.0,-0.962,0.8684,nan,93270000.0,0.68,23640000.0,nan,0.81,-1.45,-22710000.0,-1030000.0,1.81,137360000.0,nan,nan,nan,nan,nan,0.0,-125560000.0,463080000.0
AGFS,Conglomerates,Conglomerates,2.1,104973000.0,nan,-6.87,-0.32,0.65,0.31,3.12,11.24,-20.8,-2.33,-0.26,-9.53,162410000.0,3.23,-28.7,132509999.99999999,45010000.0,-0.672,0.2857,-5.2,18750000.0,0.37,411750000.0,120.66,2.13,6.54,10540000.0,24780000.0,0.63,50960000.0,nan,nan,nan,nan,nan,0.0,-33780000.0,505910000.0
AGI,Basic Materials,Gold,5.33,2105000000.0,nan,17.32,-0.89,3.19,0.79,2.88,7.31,-2.03,14.71,1.82,-0.5,660200000.0,1.69,17.9,244200000.0,260000000.0,-0.04,2.0,145.8,202500000.0,0.52,1300000.0,0.05,3.05,6.79,230000000.0,-550000.0,0.72,391190000.0,0.04,0.75,0.03,0.56,0.94,nan,-13400000.0,1900000000.0
AGIO,Healthcare,Biotechnology,34.86,2101000000.0,nan,-5.33,-0.13,18.68,4.69,15.69,-4.32,0.0,-370.5,-32.01,-66.35,112480000.0,1.92,71.2,-248330000.0,-408720000.0,-6.85,1.0056,nan,451900000.0,7.67,115390000.0,25.74,5.3,7.61,-351200000.0,-197620000.0,2.22,58880000.0,nan,nan,nan,nan,nan,0.0,-400920000.0,1760000000.0
AGLE,nan,nan,7.93,226956000.0,nan,-3.38,nan,nan,2.84,nan,-1.96,0.0,0.0,-53.78,-99.89,nan,0.0,nan,-32830000.0,-73350000.0,-2.41,1.2222,nan,88700000.0,3.06,5220000.0,6.54,6.02,2.76,-56600000.0,-31870000.0,1.07,28990000.0,nan,nan,nan,nan,nan,0.0,-71660000.0,143480000.0
AGM,Financial,Credit Services,82.52,870232000.0,10.59,8.92,0.88,4.91,1.7,117.99,nan,56.4,71.39,0.5,13.08,177140000.0,16.58,-27.8,184430000.0,nan,7.81,0.9864,-40.1,602470000.0,56.25,20390000000.0,2717.67,0.73,48.73,-190270000.0,nan,1.19,9180000.0,2.8,3.39,2.68,3.27,2.28,34.31,84140000.0,20900000000.0
AGN,Healthcare,Drugs - Generic,182.73,60275000000.0,nan,10.88,3.16,3.81,1.03,4.98,11.09,-58.5,6.37,0.63,-14.33,15820000000.0,47.82,3.6,13520000000.0,7110000000.0,-27.98,1.0071,nan,4560000000.0,13.88,23080000000.0,39.46,1.0,178.22,7070000000.0,6470000000.0,1.66,328100000.0,2.96,1.63,2.94,1.61,nan,nan,-9250000000.0,78820000000.0
AGNC,Financial,REIT - Residential,17.3,9385000000.0,nan,7.96,-3.35,-10.31,0.99,-103.07,nan,0.0,105.49,-0.98,-9.95,-910000000.0,-1.71,-94.3,229000000.0,nan,-1.95,1.2041,nan,7170000000.0,13.26,90870000000.0,889.77,0.08,17.57,1080000000.0,nan,0.26,540920000.0,1.92,11.12,2.06,11.94,12.33,nan,-1030000000.0,93790000000.0
AGO,Financial,Surety & Title Insurance,48.43,4608000000.0,14.05,14.17,4.25,5.06,0.7,5.01,nan,38.79,60.33,2.53,5.33,910000000.0,8.93,-24.0,985000000.0,nan,3.44,1.0395,-57.1,1370000000.0,14.38,1320000000.0,19.9,0.86,68.94,-255000000.0,-451120000.0,1.02,95390000.0,0.72,1.49,0.7,1.45,1.64,20.23,353000000.0,4560000000.0
AGR,nan,nan,48.76,15064000000.0,25.39,19.9,3.47,2.36,0.99,3.6,12.6,9.32,14.75,1.81,3.72,6390000000.0,20.66,-3.8,2580000000.0,1830000000.0,1.92,0.7692,20.0,103000000.0,0.33,7710000000.0,49.68,0.66,49.03,1720000000.0,-1070000000.0000001,0.12,309000000.0,1.76,3.61,1.76,3.61,nan,91.67,596000000.0,23040000000.0
AGRO,Consumer Goods,Farm Products,6.37,757778000.0,nan,10.57,-27.57,0.89,0.79,2.06,6.91,-1.78,9.55,2.24,-1.32,850920000.0,7.29,23.3,194280000.0,253520000.0,-0.13,0.125,nan,145830000.0,1.24,1100000000.0,110.5,1.55,8.13,285780000.0,-19980000.0,0.66,117480000.0,nan,nan,nan,nan,nan,0.0,-15180000.0,1750000000.0
AGRX,Healthcare,Drugs - Generic,1.65,88360000.0,nan,-4.14,nan,nan,2.77,nan,-4.37,0.0,0.0,-30.9,-59.53,nan,nan,nan,nan,-16050000.0,-0.387,1.0,nan,18370000.0,0.31,212000.0,0.66,10.39,0.54,-15550000.0,-9340000.0,0.41,59300000.0,nan,nan,nan,nan,nan,0.0,-16390000.0,70200000.0
AGS,nan,nan,12.08,428413000.0,nan,37.81,-0.51,1.43,3.37,3.17,7.61,-7.87,10.09,2.57,-17.06,299020000.0,8.45,5.1,206360000.0,124610000.0,-0.67,-8.0,nan,19060000.0,0.54,539490000.0,424.5,1.92,3.59,94670000.0,28870000.0,nan,35410000.0,nan,nan,nan,nan,nan,0.0,-23520000.0,948840000.0
AGTC,Healthcare,Biotechnology,2.93,50465000.0,nan,-1.47,nan,1.82,0.74,-0.54,0.94,-53.45,-61.81,-10.58,-20.13,27660000.0,1.52,nan,27860000.0,-15820000.0,-0.821,1.0667,nan,71110000.0,3.9,5810000.0,8.55,7.95,3.73,-34760000.0,-22190000.0,2.57,18220000.0,nan,nan,nan,nan,nan,0.0,-14780000.0,-14830000.0
AGX,Industrial Goods,Heavy Construction,41.03,628615000.0,398.12,8.96,-2.88,1.98,1.75,1.25,-22.68,0.5,-6.98,-2.96,0.32,316720000.0,20.32,-53.9,79340000.0,-17440000.0,0.1,3.5,-93.2,233620000.0,14.94,1030000.0,0.29,6.01,23.0,-106950000.0,-121360000.0,0.48,15630000.0,1.0,2.43,1.0,2.45,nan,1111.11,1580000.0,395540000.0
AGYS,Technology,Application Software,24.73,588623000.0,nan,-207.33,-7.9,3.88,5.88,3.65,-60.35,-7.99,-7.56,-4.51,-11.81,151740000.0,6.57,19.1,73880000.0,-9180000.0,-0.52,1.25,nan,38910000.0,1.67,14860000.0,15.11,1.38,4.23,11220000.0,13790000.0,0.27,23660000.0,nan,nan,nan,nan,nan,0.0,-12130000.0,554150000.0
AHC,Services,Publishing - Newspapers,3.39,66644999.99999999,5.24,nan,nan,0.34,0.83,0.2,9.02,6.61,-3.05,-2.32,15.22,195990000.0,9.05,-6.7,4510000.0,4440000.0,0.593,nan,nan,52020000.0,2.42,25380000.0,31.49,2.65,3.75,3520000.0,9010000.0,0.31,18990000.0,0.32,9.47,0.32,9.47,6.29,54.24,12920000.0,40000000.0
AHH,Financial,REIT - Diversified,17.87,1370000000.0,47.2,nan,nan,6.24,2.4,10.95,31.06,13.33,16.15,1.49,5.34,219710000.0,3.1,42.9,81100000.0,77500000.0,0.38,0.7273,112.8,44320000.0,0.58,1010000000.0,159.02,13.06,7.47,74420000.0,2610000.0,0.48,55420000.0,0.84,4.7,0.83,4.67,5.54,218.42,27270000.0,2410000000.0
AHPI,Healthcare,Medical Appliances & Equipment,1.0,3893000.0,nan,nan,nan,0.12,0.35,0.14,-3.24,-4.64,-6.72,-8.27,-12.39,32090000.000000004,7.99,9.7,5040000.0,-1370000.0,-0.375,nan,nan,302440.0,0.08,850000.0,7.54,2.65,2.81,-144400.0,-81060.0,0.03,4010000.0,nan,nan,nan,nan,nan,0.0,-1490000.0,4440000.0
AHT,Financial,REIT - Hotel/Motel,2.75,276718000.0,nan,-1.69,-0.32,0.19,0.9,2.86,10.97,-9.42,8.0,1.57,-34.39,1490000000.0,14.94,5.0,393290000.0,387510000.0,-1.844,0.84,nan,257279999.99999997,2.52,4150000000.0000005,1070.17,2.61,3.03,194090000.0,233940000.0,1.34,102110000.0,0.24,8.82,0.36,13.24,7.96,nan,-183800000.0,4250000000.0
AI,Financial,Mortgage Investment,5.7,208403000.0,nan,5.97,-0.3,-3.48,0.77,0.12,nan,0.0,122.78,-0.93,-12.92,-59960000.0,-1.76,nan,-77690000.0,nan,-1.23,0.9,nan,4030000000.0000005,109.54,3770000000.0,1224.27,1.1,7.37,46390000.0,nan,1.1,36760000.0,0.9,15.79,1.2,21.05,19.41,nan,-41950000.0,-7460000.0
AIG,Financial,Property & Casualty Insurance,54.47,46917000000.0,26.8,10.62,0.18,0.93,0.72,1.33,6.16,3.55,10.9,0.67,4.33,50560000000.0,57.52,12.4,10900000000.0,10890000000.0,2.01,0.56,nan,17410000000.0,20.01,35260000000.0,52.28,0.67,74.85,-690000000.0,1740000000.0,1.2,869950000.0,1.28,2.36,1.28,2.36,1.95,62.75,1780000000.0,67099999999.99999
AIM,Industrial Goods,Aerospace/Defense Products & Services,0.0,2239000.0,nan,-0.17,-0.01,6.79,0.22,-0.64,0.02,0.0,-3628.79,-39.75,-98.13,330000.0,0.19,60.5,-517000.0,-11230000.0,-5.873,1.1649,nan,11730000.0,1.42,6910000.0,49.92,3.01,2.14,-9200000.0,-6080000.0,0.83,4840000.0,nan,nan,nan,nan,nan,0.0,-9950000.0,-212260.0
AIMC,Industrial Goods,Industrial Electrical Equipment,33.36,2168000000.0,25.71,12.35,0.79,1.16,1.16,1.98,9.63,4.56,13.67,6.11,7.44,1860000000.0,28.96,93.8,390330000.0,382810000.0,1.31,1.0455,108.9,168000000.0,2.6,1680000000.0,90.21,2.09,28.95,237680000.0,154110000.0,1.95,64569999.99999999,0.68,2.03,0.68,2.06,1.86,73.12,84940000.0,3690000000.0
AIMT,Healthcare,Biotechnology,27.09,1688000000.0,nan,-7.78,-0.19,nan,11.02,nan,-6.5,0.0,0.0,-56.28,-119.34,nan,nan,nan,nan,-237870000.0,-3.87,1.0,nan,195470000.0,3.09,53100000.0,34.78,4.64,2.42,-194400000.0,-119190000.0,-0.06,63300000.0,nan,nan,nan,nan,nan,0.0,-238600000.0,1550000000.0
AIN,Industrial Goods,Textile Industrial,86.03,2768000000.0,22.9,21.54,2.23,2.64,4.2,2.92,11.99,11.53,17.85,8.2,19.04,1050000000.0,32.46,7.6,349750000.0,255450000.0,3.74,1.481,44.2,173740000.0,5.38,464150000.0,70.0,3.13,20.41,197620000.0,114460000.0,1.67,30700000.0,0.72,0.84,0.72,0.84,1.36,19.2,120840000.0,3060000000.0
AINC,nan,nan,22.17,48989000.0,nan,2.86,nan,0.21,0.88,1.15,8.01,-0.76,3.05,1.1,-1.34,233400000.0,94.81,37.4,48610000.0,33630000.0,-10.76,1.188,nan,36400000.0,16.53,50220000.0,18.39,1.19,25.42,28710000.0,-19240000.0,0.8,2200000.0,nan,nan,nan,nan,nan,0.0,-14820000.0,269400000.0
AINV,Financial,Asset Management,16.5,1092000000.0,18.5,8.97,2.72,4.16,0.87,10.06,nan,23.47,76.4,4.74,4.69,262279999.99999997,3.78,6.5,255080000.0,nan,0.89,1.2619,-74.8,36440000.0,0.55,1580000000.0,126.39,1.46,18.83,-432940000.0,73340000.0,nan,66550000.0,1.8,10.96,1.8,10.96,11.73,202.25,61560000.0,2640000000.0
AIR,Industrial Goods,Aerospace/Defense Products & Services,44.92,1565000000.0,nan,15.11,0.99,0.74,1.69,0.84,11.44,-0.15,5.31,4.38,8.95,2130000000.0,61.61,16.1,329500000.0,156400000.0,-0.1,1.1176,-70.9,39900000.0,1.16,289000000.0,31.78,2.58,26.41,62000000.0,151360000.0,1.11,34970000.0,0.3,0.67,0.3,0.67,0.93,12.66,81900000.0,1790000000.0
AIRG,nan,nan,10.63,101236000.0,47.24,52.2,2.06,1.71,2.13,1.14,14.08,3.6,6.05,4.21,4.68,59270000.0,6.14,-16.8,26510000.0,4790000.0,0.22,nan,nan,33870000.0,3.49,nan,nan,6.06,4.91,3490000.0,2800000.0,1.98,9700000.0,nan,nan,nan,nan,nan,0.0,2140000.0,67360000.0
AIRI,Industrial Goods,Aerospace/Defense Products & Services,0.0,35094000.0,nan,-17.29,nan,0.65,3.32,1.18,21.84,-14.93,0.23,0.14,-48.1,53940000.0,1.88,30.4,5410000.0,2920000.0,-0.288,-0.0,nan,333000.0,0.01,29060000.0,275.12,1.14,0.37,800000.0,9730000.0,0.93,29000000.0,nan,nan,0.6,48.4,nan,0.0,-6690000.0,63820000.0
AIT,Services,Industrial Equipment Wholesale,62.51,2401000000.0,18.07,13.08,1.06,0.69,2.59,0.97,10.27,3.86,7.62,6.97,14.89,3460000000.0,89.65,-0.9,1010000000.0,325920000.0,3.44,1.0303,-20.7,98200000.0,2.54,1050000000.0,112.77,2.39,23.99,218820000.0,154340000.0,1.34,38660000.0,1.24,2.0,1.23,1.98,2.11,35.76,133850000.0,3350000000.0
AIV,Financial,REIT - Residential,53.97,8073000000.0,23.71,285.37,3.17,8.88,4.73,14.59,23.77,38.27,20.48,1.83,17.94,909300000.0,6.15,-5.2,636600000.0,558280000.0,2.29,0.1429,-99.7,58720000.0,0.39,4350000000.0,230.52,0.31,11.45,372210000.0,66500000.0,0.51,148880000.0,1.56,2.88,1.57,2.92,3.11,68.1,338030000.0,13270000000.0
AIZ,Financial,Accident & Health Insurance,132.53,8009000000.0,31.68,13.6,0.79,0.83,1.42,1.0,12.87,2.9,6.49,0.9,5.21,9670000000.0,154.91,4.8,785600000.0,750800000.0,4.17,1.0242,nan,2080000000.0,34.3,3700000000.0,65.01,0.59,93.08,1370000000.0,2970000000.0,0.47,60640000.0,2.52,1.91,2.4,1.82,2.05,58.25,261300000.0,9660000000.0
AJG,Financial,Insurance Brokers,92.5,17149000000.0,25.29,21.84,2.4,2.5,3.54,3.15,18.49,10.04,10.58,2.57,15.5,6850000000.0,37.03,2.5,1920000000.0,1170000000.0,3.63,1.0127,-1.2,578900000.0,3.1,4970000000.0,101.19,1.05,25.97,1030000000.0,547080000.0,0.81,186520000.0,1.72,1.86,1.7,1.84,2.7,46.83,687600000.0,21610000000.0
AJRD,Industrial Goods,Aerospace/Defense - Major Diversified,44.01,3471000000.0,26.26,22.62,1.19,1.83,6.02,1.75,11.72,7.34,11.16,5.14,28.91,1900000000.0,24.64,-3.4,346500000.0,282800000.0,1.68,0.8864,-49.4,797000000.0,10.28,693000000.0,122.29,1.54,7.33,252100000.0,87290000.0,0.38,78690000.0,nan,nan,nan,nan,nan,0.0,136500000.0,3310000000.0
AKAM,Technology,Internet Information Providers,85.97,14174000000.0,31.95,18.31,1.62,5.0,4.05,5.22,18.39,15.98,18.83,5.69,13.61,2830000000.0,17.39,6.0,1760000000.0,805210000.0,2.74,1.1,28.2,1570000000.0,9.72,2210000000.0,63.03,3.74,21.66,1060000000.0,404290000.0,0.61,161600000.0,nan,nan,nan,nan,nan,0.0,452950000.0,14810000000.0
AKBA,Healthcare,Biotechnology,3.26,399648000.0,nan,-2.6,nan,1.23,0.85,0.88,-1.74,-75.39,-60.29,-20.44,-80.39,325300000.0,3.07,73.0,-84810000.0,-165370000.0,-2.315,1.0698,nan,145610000.0,1.22,33700000.0,7.21,1.34,3.93,-239000000.0,-185440000.0,1.5,118940000.0,nan,nan,nan,nan,nan,0.0,-245230000.0,287730000.0
AKCA,nan,nan,19.23,1813000000.0,nan,-14.74,0.21,8.2,5.57,7.12,-14.63,-50.71,-51.97,-18.86,-36.97,221260000.0,2.42,7.2,-73990000.0,-107770000.0,-1.31,0.7234,nan,252690000.0,2.69,15850000.0,4.87,6.46,3.47,-53630000.0,-89310000.0,1.53,93030000.0,nan,nan,nan,nan,nan,0.0,-119980000.0,1580000000.0
AKER,nan,nan,0.315,3623000.0,nan,nan,nan,2.04,1.01,0.26,-0.09,0.0,-302.87,-44.87,-112.86,1780000.0,0.14,-24.5,127280.0,-5270000.0,-0.521,nan,nan,3210000.0,0.26,nan,nan,3.14,0.29,-5220000.0,-3580000.0,nan,12520000.0,nan,nan,nan,nan,nan,0.0,-6390000.0,455030.0
AKG,Basic Materials,Gold,0.83,196536000.0,nan,6.61,nan,nan,1.19,nan,-7.79,0.0,0.0,-3.29,-62.45,nan,0.0,nan,74810000.0,-23300000.0,-0.655,-21.6667,nan,13630000.0,0.06,616000.0,0.38,8.67,0.72,-9060000.0,-10920000.0,1.15,226210000.0,nan,nan,nan,nan,nan,0.0,-147590000.0,181410000.0
AKR,Financial,Property Management,27.75,2401000000.0,59.38,65.74,20.9,7.95,1.57,16.27,27.98,12.87,17.23,0.79,-0.01,302030000.0,3.64,13.0,192630000.0,175640000.0,0.47,1.3333,13.4,49360000.0,0.57,1850000000.0,83.15,3.73,17.54,124080000.0,78830000.0,0.68,86950000.0,1.16,4.2,1.12,4.04,3.45,238.3,38620000.0,4920000000.0
AKRO,nan,nan,20.1,556323000.0,nan,-8.77,nan,nan,3.88,nan,nan,0.0,0.0,-25.53,-120.98,nan,nan,nan,nan,nan,-11.26,1.3023,nan,147840000.0,5.18,nan,nan,22.32,5.02,-26050000.0,-14990000.0,nan,28560000.0,nan,nan,nan,nan,nan,0.0,-89810000.0,408490000.0
AKRX,Healthcare,Drugs - Generic,4.13,515937000.0,nan,14.61,0.91,0.77,1.65,1.74,-35.64,-53.62,-16.02,-4.33,-74.87,673560000.0,5.35,6.4,246020000.0,-32930000.0,-2.876,-0.5,nan,205540000.0,1.63,863470000.0,276.39,0.53,2.48,-27360000.0,1770000.0,1.95,126150000.0,nan,nan,nan,nan,nan,0.0,-361150000.0,1170000000.0
AKS,Basic Materials,Steel & Iron,2.54,806868000.0,8.17,19.62,-0.25,0.12,6.0,0.51,5.62,1.5,5.45,4.94,33.46,6590000000.0,20.89,-11.5,907200000.0,595200000.0,0.312,0.25,-95.8,30800000.0,0.1,2240000000.0,488.86,2.06,0.43,307300000.0,157060000.0,3.03,316420000.0,nan,nan,nan,nan,nan,0.0,98300000.0,3340000000.0
AKTS,Technology,Communication Equipment,7.42,231309000.0,nan,-10.41,nan,129.8,12.04,128.29,-8.84,0.0,-1598.93,-53.21,-217.95,1780000.0,0.06,166.2,430000.0,-25870000.0,-1.05,1.3043,nan,22610000.0,0.74,19910000.0,103.53,9.01,0.63,-18720000.0,-13410000.0,0.71,30440000.0,nan,nan,nan,nan,nan,0.0,-30910000.0,228610000.0
AKTX,Healthcare,Drugs - Generic,1.85,38656000.0,nan,-6.81,nan,nan,nan,nan,-1.67,0.0,0.0,-92.2,-379.59,nan,nan,nan,nan,-16399999.999999998,-0.874,1.1667,nan,2740000.0,0.17,nan,nan,0.78,-0.08,-14440000.0,-11270000.0,1.71,21010000.0,nan,nan,nan,nan,nan,0.0,-13770000.0,27470000.0
AL,Services,Rental & Leasing Services,45.38,5122000000.0,9.26,7.23,0.5,2.67,0.94,9.72,nan,29.22,57.98,3.55,11.28,1920000000.0,17.38,17.8,1100000000.0,nan,4.91,1.0308,6.3,291770000.0,2.59,13820000000.0,252.97,0.94,48.47,1360000000.0,-3350000000.0,1.87,112700000.0,0.6,1.32,0.54,1.2,0.74,10.59,552470000.0,18650000000.0
ALB,Basic Materials,Specialty Chemicals,66.1,7013000000.0,12.3,13.36,1.51,1.99,1.83,2.54,9.35,16.27,21.26,5.98,16.74,3520000000.0,33.21,13.1,1230000000.0,954900000.0,5.38,0.9808,19.5,317820000.0,3.0,2060000000.0,51.47,1.39,36.18,514860000.0,-391390000.0,1.63,106030000.0,1.47,2.24,1.44,2.19,1.63,26.67,572430000.0,8930000000.0
ALBO,nan,nan,18.53,231404000.0,nan,-2.84,nan,61.28,2.28,24.78,-1.43,0.0,-1734.61,-22.39,-59.63,3780000.0,0.31,484.4,12740000.0,-65400000.00000001,-5.8,1.109,nan,142670000.0,11.24,4840000.0,4.76,12.01,8.02,-50520000.0,-36770000.0,1.48,12690000.0,nan,nan,nan,nan,nan,0.0,-71060000.0,93580000.0
ALC,Healthcare,Long-Term Care Facilities,58.84,28710000000.0,nan,28.56,5.0,3.94,1.48,4.37,23.09,-10.7,1.22,nan,nan,7280000000.0,14.91,4.6,3570000000.0,1380000000.0,-1.6,0.9792,nan,721000000.0,1.48,3800000000.0,19.51,1.09,39.84,886000000.0,nan,nan,488700000.0,nan,nan,nan,nan,nan,0.0,-779000000.0,31790000000.0
ALCO,Consumer Goods,Farm Products,31.61,235700000.0,10.98,nan,nan,1.92,1.32,3.29,8.11,17.99,29.19,5.46,12.05,122500000.0,16.01,117.1,27830000.0,49630000.0,2.87,nan,78.5,3520000.0,0.47,164760000.0,89.9,1.89,23.82,44620000.0,32409999.999999996,0.79,7470000.0,0.24,0.76,0.24,0.76,0.76,8.16,22040000.0,402490000.0
ALDX,Healthcare,Biotechnology,6.06,168556000.0,nan,-2.45,-0.03,nan,3.22,nan,-2.43,0.0,0.0,-59.76,-146.71,nan,nan,nan,nan,-54680000.0,-2.18,1.2545,nan,50170000.0,1.79,14660000.0,28.82,6.36,1.87,-41730000.0,-36420000.0,0.86,27950000.0,nan,nan,nan,nan,nan,0.0,-58300000.0,133050000.00000001
ALE,Utilities,Diversified Utilities,80.82,4168000000.0,21.12,21.01,3.24,3.01,1.89,4.13,14.3,14.23,14.62,2.42,9.11,1380000000.0,26.86,-17.2,464600000.0,399800000.0,3.82,0.9524,1.6,100300000.0,1.94,1650000000.0,74.64,0.61,42.73,311400000.0,-200350000.0,0.15,51670000.0,2.35,2.91,2.32,2.87,3.23,60.8,197000000.0,5720000000.0
ALEX,Financial,Real Estate Development,22.38,1603000000.0,nan,37.59,-2.41,2.57,1.42,3.8,10.28,-28.61,29.25,5.18,-14.28,622900000.0,8.64,-26.2,257899999.99999997,230000000.0,-2.47,-5.75,nan,7200000.0,0.1,757700000.0,66.68,2.14,15.57,376200000.0,109380000.0,1.0,72260000.0,0.76,3.4,0.5,2.24,nan,nan,-177000000.0,2360000000.0
ALG,Industrial Goods,Farm & Construction Machinery,112.85,1318000000.0,18.79,14.21,2.75,1.23,2.36,1.32,10.97,6.5,9.52,8.04,13.35,1070000000.0000001,91.75,5.5,256120000.0,129080000.00000001,5.93,0.8235,-26.0,60280000.0,5.1,158950000.0,28.84,4.36,47.24,53530000.0,27170000.0,0.71,11830000.0,0.48,0.43,0.47,0.42,0.5,7.93,69930000.0,1420000000.0
ALGN,Healthcare,Medical Appliances & Equipment,260.48,20800000000.0,50.67,40.92,2.53,9.08,15.93,8.76,35.62,18.29,21.12,14.13,33.53,2290000000.0,28.73,20.2,1450000000.0,563540000.0,5.21,1.1228,1.6,782370000.0,9.93,57070000.0,4.37,1.73,16.57,770390000.0,441260000.0,2.07,78810000.0,nan,nan,nan,nan,nan,0.0,418910000.0,20080000000.0
ALGT,Services,Regional Airlines,171.1,2774000000.0,13.01,10.26,0.57,1.55,3.3,2.07,8.43,11.89,18.19,7.67,28.8,1790000000.0,111.85,11.0,534340000.00000006,440440000.0,13.09,1.2385,190.0,402940000.0,25.04,1380000000.0,166.48,0.96,51.67,387920000.0,-46730000.0,0.91,16290000.0,2.8,1.65,2.8,1.65,nan,21.39,210100000.0,3710000000.0
ALIM,Healthcare,Drug Manufacturers - Major,4.58,23577000.0,nan,-6.88,nan,0.45,nan,1.66,-25.74,-23.4,-11.58,-7.69,nan,52080000.0,11.05,15.4,42290000.0,-3350000.0,-2.549,15.0,nan,7900000.0,1.59,40230000.0,nan,1.98,-7.78,-3910000.0,781000.0,1.91,4960000.0,nan,nan,nan,nan,nan,0.0,-12020000.0,86250000.0
ALK,Services,Regional Airlines,70.94,8669000000.0,14.3,10.1,0.55,1.01,2.04,1.21,7.47,7.09,11.23,5.07,15.19,8620000000.0,69.88,8.0,2210000000.0,1390000000.0,4.92,1.0437,48.4,1620000000.0,13.14,3350000000.0,78.86,0.66,34.49,1590000000.0,438380000.0,0.82,123170000.0,1.4,1.99,1.37,1.95,1.51,27.85,611000000.0,10400000000.0
ALKS,Healthcare,Drug Delivery,20.07,3308000000.0,nan,36.21,1.31,3.08,3.1,2.81,-37.8,-18.71,-15.41,-5.88,-18.12,1070000000.0000001,6.86,2.6,917850000.0,-79720000.0,-1.28,0.1905,nan,587180000.0,3.73,292960000.0,27.43,2.69,6.78,90520000.0,54930000.0,1.77,157520000.0,nan,nan,nan,nan,nan,0.0,-200980000.0,3010000000.0
ALL,Financial,Property & Casualty Insurance,110.97,35992000000.0,15.17,10.71,1.04,0.84,1.56,0.95,9.38,6.15,8.66,1.96,10.54,42680000000.0,127.94,5.8,9130000000.0,4310000000.0,7.32,1.0758,-4.9,5840000000.0,18.03,7170000000.0,27.44,0.5,71.04,5250000000.0,2029999999.9999998,0.81,323960000.0,2.0,1.81,1.96,1.77,1.78,26.13,2480000000.0,40370000000.0
ALLE,Services,Security & Protection Services,118.07,11068000000.0,24.85,22.43,2.63,3.9,16.18,4.35,19.55,16.0,19.87,12.6,70.64,2840000000.0,30.17,5.2,1170000000.0,631400000.0,4.79,1.1136,13.4,233900000.0,2.52,1510000000.0,219.37,1.9,7.36,476800000.0,351420000.0,1.18,92920000.0,1.08,0.92,1.02,0.87,0.74,21.29,453900000.0,12340000000.0
ALLK,nan,nan,77.04,3539000000.0,nan,-30.43,nan,nan,6.88,nan,-38.31,0.0,0.0,-13.51,-21.2,nan,nan,nan,nan,-79110000.0,-1.73,1.119,nan,517000000.0,10.62,8610000.0,1.67,41.61,10.57,-56550000.0,-35210000.0,nan,48670000.0,nan,nan,nan,nan,nan,0.0,-75280000.0,3030000000.0
ALLO,nan,nan,27.41,3390000000.0,nan,-11.12,nan,nan,5.47,nan,-17.54,0.0,0.0,nan,nan,nan,nan,nan,nan,-166910000.0,-1.26,0.9259,nan,501240000.0,4.11,38020000.0,6.14,15.28,5.08,-108560000.0,nan,nan,121900000.0,nan,nan,nan,nan,nan,0.0,-154070000.0,2930000000.0
ALLT,Technology,Communication Equipment,8.51,301611000.0,nan,-146.33,-0.43,2.83,2.26,2.02,-29.35,-8.26,-10.81,-3.66,-6.5,106420000.0,3.12,14.1,66489999.99999999,-7320000.0,-0.26,1.0,nan,93420000.0,2.72,6570000.0,4.92,2.56,3.88,13370000.0,-5820000.0,0.77,34350000.0,nan,nan,nan,nan,nan,0.0,-8790000.0,214730000.0
ALLY,Financial,Mortgage Investment,31.04,11733000000.0,7.66,7.35,0.55,1.94,0.82,8.16,nan,26.93,30.49,0.92,11.83,6040000000.0,15.07,3.5,5490000000.0,nan,4.03,1.0306,1.9,3710000000.0,9.76,41260000000.0,285.56,0.87,37.68,3940000000.0,nan,1.28,380070000.0,0.68,2.2,0.66,2.14,nan,16.3,1630000000.0,49280000000.0
ALNY,Healthcare,Biotechnology,90.57,10263000000.0,nan,-12.56,-0.25,60.69,6.38,52.31,-10.41,0.0,-509.58,-25.54,-53.25,169100000.0,1.59,3286.2,73110000.0,-849370000.0,-7.71,0.9412,nan,1720000000.0,15.44,304620000.0,18.95,5.38,14.44,-232900000.0,-365510000.0,2.36,111490000.0,nan,nan,nan,nan,nan,0.0,-821370000.0,8850000000.0
ALO,nan,nan,0.0,50501000.0,nan,1.49,nan,0.44,0.41,0.4,-2.07,-128.38,-117.64,-27.84,-74.05,113890000.0,1.34,-3.3,-6340000.0,-21890000.0,-1.729,nan,nan,13170000.0,0.16,8039999.999999999,6.45,2.28,1.47,-1170000.0,52690000.0,1.21,84710000.0,nan,nan,nan,nan,nan,0.0,-146210000.0,45420000.0
ALOT,Technology,Computer Peripherals,16.22,113078000.0,18.31,19.33,nan,0.8,1.57,0.92,8.57,4.52,6.33,4.67,9.27,141010000.0,20.24,-1.0,54000000.0,15130000.0,0.88,0.65,-20.4,4520000.0,0.64,21080000.0,29.25,2.42,10.25,6140000.0,5340000.0,0.37,7010000.0,0.28,1.75,0.28,1.73,1.8,31.82,6370000.0,129639999.99999999
ALPN,nan,nan,2.3414,48328000.0,nan,-1.07,nan,56.46,1.39,21.0,-0.38,0.0,-5607.71,-46.42,-104.32,856000.0,0.05,nan,-28270000.0,-47550000.0,-2.728,0.9118,nan,46590000.0,2.51,16239999.999999998,46.61,3.84,1.87,-39070000.0,-22300000.0,2.86,18590000.0,nan,nan,nan,nan,nan,0.0,-46850000.0,17980000.0
ALRM,Technology,Application Software,44.9,2144000000.0000002,45.52,30.24,2.12,4.53,6.38,4.41,27.51,10.23,12.53,7.98,16.12,473280000.0,9.8,14.3,274780000.0,75830000.0,0.97,1.1212,nan,164320000.0,3.38,105970000.0,31.52,4.65,6.92,49580000.0,32720000.0,1.38,48570000.0,nan,nan,nan,nan,nan,0.0,48420000.0,2089999999.9999998
ALRN,Services,Education & Training Services,0.52,13936000.0,nan,-0.54,-0.24,nan,0.61,nan,0.19,0.0,0.0,-51.31,-119.43,nan,nan,nan,-18450000.0,-29460000.0,-1.372,1.2174,nan,24560000.0,0.88,5130000.0,22.5,4.12,0.82,-26830000.0,-19140000.0,2.18,27810000.0,nan,nan,nan,nan,nan,0.0,-29170000.0,-5490000.0
ALRS,nan,nan,21.62,370480000.0,11.31,12.35,nan,2.07,1.32,2.23,nan,15.59,22.58,1.27,11.82,179080000.0,12.87,7.1,169360000.0,nan,1.92,1.0,-3.6,38660000.0,2.27,68280000.0,nan,nan,16.5,28140000.0,nan,0.59,17050000.0,0.6,2.76,0.56,2.6,2.32,29.17,27410000.0,400110000.0
ALSK,Technology,Telecom Services - Domestic,1.7907,92240000.0,24.86,nan,nan,0.4,0.55,1.4,5.68,1.72,9.25,2.69,2.32,232120000.0,4.34,1.5,124730000.0,57470000.0,0.07,3.0,11.3,25180000.0,0.47,258200000.0,152.01,1.42,3.19,51940000.0,-3920000.0,0.76,53010000.0,nan,nan,nan,nan,nan,0.0,4000000.0,326130000.0
ALSN,Consumer Goods,Auto Parts,46.93,5535000000.0,9.03,10.57,1.92,2.03,7.47,2.92,7.16,23.61,34.82,13.56,90.26,2730000000.0,22.0,-3.3,1420000000.0,1110000000.0,5.14,1.0982,-10.8,152000000.0,1.27,2580000000.0,347.24,1.57,6.22,877000000.0,512380000.0,1.35,119230000.0,0.6,1.29,0.6,1.29,1.68,11.65,644000000.0,7960000000.0
ALT,nan,nan,1.6,24541000.0,nan,-1.84,nan,3.14,0.5,-1.84,0.77,0.0,-243.77,-21.8,-91.91,7810000.0,0.68,-75.6,-8130000.000000001,-18620000.0,-3.69,3.8421,nan,39200000.0,2.56,105060.0,0.21,16.87,3.22,-12760000.0,-13700000.0,nan,15340000.0,nan,nan,nan,nan,nan,0.0,-42160000.0,-14400000.0
ALTM,nan,nan,1.92,630362000.0,nan,17.64,-0.98,5.31,0.33,18.42,56.53,-24.39,3.84,0.15,-0.2,118690000.0,1.25,33.7,22830000.0,38690000.0,-0.293,1.5,nan,2590000.0,0.04,254340000.0,11.39,0.89,5.93,40100000.0,-432260000.0,nan,74930000.0,nan,nan,nan,nan,nan,0.0,-5420000.0,2190000000.0
ALTR,Technology,Semiconductor - Specialized,28.63,2073000000.0,nan,72.2,1.92,4.73,6.03,4.63,78.44,-3.85,1.42,0.68,-6.1,438050000.0,6.16,15.7,286110000.0,25880000.0,-0.24,-1.8,nan,246940000.0,3.44,203780000.0,59.35,2.52,4.79,25810000.0,-58130000.0,1.49,40470000.0,nan,nan,nan,nan,nan,0.0,-16860000.0,2029999999.9999998
ALV,Consumer Goods,Auto Parts,83.54,7270000000.0,33.81,12.1,3.5,0.85,3.66,1.08,8.64,2.51,9.02,7.22,10.57,8550000000.000001,98.07,-0.3,1710000000.0,1060000000.0,2.46,0.9155,-27.3,334400000.0,3.84,2260000000.0,113.03,1.26,22.78,617800000.0,349400000.0,1.39,87230000.0,2.48,3.0,2.48,3.0,2.29,101.64,212900000.0,9200000000.0
ALX,Financial,REIT - Retail,324.21,1652000000.0,29.76,nan,nan,7.24,6.3,10.18,17.76,24.39,44.04,4.51,19.85,228040000.0,44.56,-2.3,139050000.0,130720000.0,10.87,nan,9.9,304230000.0,59.57,974670000.0,371.88,11.15,51.32,106840000.0,273060000.0,0.34,5110000.0,18.0,5.57,18.0,5.56,4.13,165.59,55610000.0,2320000000.0
ALXN,Healthcare,Biotechnology,106.84,23981000000.0,16.62,9.63,0.65,5.06,2.31,5.2,10.34,31.05,42.73,8.83,15.05,4740000000.0,21.17,23.0,3760000000.0,2380000000.0,6.52,1.1296,41.3,2220000000.0,10.02,2870000000.0,27.67,3.98,46.85,1650000000.0,1420000000.0,1.66,224230000.0,nan,nan,nan,nan,nan,0.0,1470000000.0,24630000000.0
ALYA,nan,nan,2.66,145930000.0,nan,23.91,-18.53,nan,3.23,nan,nan,-4.45,0.0,-2.44,-13.71,nan,nan,81.6,54280000.0,nan,-0.241,3.0,nan,nan,nan,nan,27.37,1.84,0.81,nan,nan,nan,48530000.0,nan,nan,nan,nan,nan,0.0,nan,146480000.0
AM,Basic Materials,Oil & Gas Pipelines,5.4,2693000000.0,nan,5.69,0.27,3.66,0.76,7.27,nan,-25.72,53.62,7.6,-10.66,735600000.0,2.02,544.7,142910000.0,nan,-0.53,-2.7143,nan,nan,nan,2660000000.0,75.44,0.42,7.0,455860000.0,246620000.0,1.22,503420000.0,1.23,21.85,1.08,20.09,nan,nan,-193190000.0,5350000000.0
AMAG,Healthcare,Diagnostic Substances,9.92,334410000.0,nan,-7.04,0.1,1.03,0.7,1.3,-4.52,-88.55,-32.6,-6.09,-46.23,326160000.0,9.54,-31.2,230210000.0,-93600000.0,-8.45,0.6364,nan,191540000.0,5.65,280460000.0,58.35,1.67,14.17,-129820000.0,-85980000.0,0.34,33920000.0,nan,nan,nan,nan,nan,0.0,-287280000.0,423330000.0
AMAL,nan,nan,18.97,599732000.0,12.04,12.2,nan,3.17,1.24,3.83,nan,27.09,33.34,1.06,11.28,188950000.0,5.94,6.8,178320000.0,nan,1.58,1.1081,40.1,71240000.0,2.25,192290000.0,nan,nan,15.37,nan,nan,nan,31520000.0,0.32,1.7,0.12,0.64,nan,15.09,51160000.0,723170000.0
AMAT,Technology,Semiconductor Equipment & Materials,60.33,57328000000.0,21.7,14.23,1.97,3.92,6.95,4.03,15.83,18.52,22.93,11.38,35.95,14610000000.0,15.59,-6.5,6390000000.0,3710000000.0,2.86,1.0526,-20.3,3620000000.0,3.93,5310000000.0,64.68,2.3,8.93,3250000000.0,2040000000.0,1.65,923750000.0,0.84,1.47,0.83,1.46,1.54,25.8,2710000000.0,58790000000.0
AMBC,Financial,Surety & Title Insurance,20.63,926564000.0,nan,-14.32,0.66,1.94,0.59,19.67,18.71,-43.42,40.42,0.85,-12.12,478250000.0,10.42,65.5,731760000.0,502770000.0,-2.74,2.7627,nan,798160000.0,17.52,9220000000.0,566.09,0.79,34.44,-421550000.0,893250.0,1.06,45550000.0,nan,nan,nan,nan,nan,0.0,-125970000.0,9410000000.0
AMBO,Services,Education & Training Services,0.0,29371000.0,5.08,nan,nan,nan,0.84,nan,nan,0.67,0.0,-0.88,1.44,nan,nan,10.1,193370000.0,nan,0.266,nan,-73.6,nan,nan,nan,62.01,0.78,1.61,nan,nan,-14.76,21650000.0,nan,nan,nan,nan,nan,0.0,nan,29370000.0
AMC,Services,"Movie Production, Theaters",8.98,909726000.0,nan,-21.9,-0.39,0.17,0.77,2.04,15.54,0.64,3.97,1.19,2.87,5440000000.0,52.43,7.8,1030000000.0,712000000.0,-0.19,1.2619,nan,100400000.0,0.97,10260000000.0,866.79,0.27,11.39,434600000.0,-113780000.0,0.84,52080000.0,0.8,9.01,0.8,9.01,4.12,nan,35000000.0,11070000000.0
AMCR,nan,nan,10.03,16234000000.000002,32.75,14.31,nan,1.57,2.99,2.14,15.97,3.85,8.82,4.43,13.28,10340000000.0,7.97,38.8,1800000000.0,1390000000.0,0.31,0.8667,-32.9,482600000.0,0.3,6360000000.0,115.87,1.19,3.35,992500000.0,2720000000.0,0.24,1610000000.0,0.46,4.67,0.57,5.78,nan,0.0,404200000.0,22170000000.0
AMCX,Services,Entertainment - Diversified,39.68,2203000000.0,4.93,4.64,0.96,0.72,3.51,1.68,5.39,15.12,27.75,9.81,64.35,3050000000.0,54.01,3.1,1580000000.0,948600000.0,8.04,1.4036,5.1,773390000.0,13.92,3360000000.0,349.76,2.71,11.31,535130000.0,1400000000.0,0.82,44070000.0,nan,nan,nan,nan,nan,0.0,460940000.0,5120000000.0
AMD,Technology,Semiconductor - Broad Line,38.94,43904000000.0,201.88,35.38,1.7,7.29,19.74,7.11,76.92,3.47,5.91,4.64,12.66,6020000000.0,5.7,9.0,2490000000.0,557000000.0,0.19,1.0,17.6,1210000000.0,1.09,1110000000.0,51.06,2.1,1.95,171000000.0,17880000.0,3.06,1140000000.0,nan,nan,nan,nan,nan,0.0,209000000.0,42840000000.0
AME,Industrial Goods,Diversified Machinery,97.39,22441000000.0,26.53,22.16,2.79,4.38,4.61,4.74,17.57,16.63,22.64,8.37,18.17,5130000000.0,22.48,7.0,1660000000.0,1380000000.0,3.7,1.0495,15.4,735380000.0,3.22,2610000000.0,53.62,2.05,21.29,1070000000.0000001,747240000.0,1.2,228590000.0,0.56,0.58,0.56,0.58,0.66,15.14,852040000.0,24310000000.0
AMED,Healthcare,Home Health Care,152.34,4930000000.0,39.71,31.71,2.1,2.61,8.18,2.77,27.82,6.7,9.12,11.11,24.34,1890000000.0,58.94,18.5,669720000.0,188160000.0,3.85,1.2921,8.8,20760000.0,0.64,324000000.0,53.69,0.95,18.69,190810000.0,169070000.0,1.37,32259999.999999996,nan,nan,nan,nan,nan,0.0,126640000.0,5230000000.0
AMEH,Healthcare,Specialized Health Services,14.84,534203999.99999994,128.66,12.06,nan,1.09,2.8,1.51,15.26,0.88,6.16,2.89,4.37,488460000.0,14.24,-6.4,158780000.0,48360000.0,0.12,0.7143,-59.3,231450000.0,6.63,257700000.0,69.95,3.06,5.48,3720000.0,25560000.0,nan,34890000.0,nan,nan,nan,nan,nan,0.0,4290000.0,738120000.0
AMG,Financial,Asset Management,85.05,4187999999.9999995,nan,6.04,-14.95,1.86,1.38,3.19,8.39,-7.03,32.17,5.58,2.26,2250000000.0,43.66,-8.7,1390000000.0,855900000.0,-3.35,1.0064,-30.9,433100000.0,8.79,2020000000.0,45.01,14.14,61.77,881000000.0,629500000.0,1.65,49270000.0,1.28,1.51,1.26,1.5,nan,nan,-158100000.0,7180000000.0
AMGN,Healthcare,Biotechnology,219.59,131231000000.0,16.99,14.0,1.93,5.61,12.05,6.01,11.76,34.48,42.6,9.82,63.83,23400000000.0,37.98,-2.8,19650000000.0,11960000000.0,13.0,1.0368,5.9,20850000000.0,35.1,30280000000.0,277.08,2.89,18.33,9830000000.0,6440000000.0,1.1,594180000.0,5.8,2.63,5.67,2.59,2.4,43.55,8070000000.0,140660000000.0
AMH,Financial,REIT - Residential,26.34,7972000000.0,98.92,101.96,1.91,7.06,1.5,10.02,20.05,11.96,21.72,1.69,2.49,1130000000.0,3.79,6.5,580150000.0,564480000.0,0.27,2.0,36.1,171210000.0,0.57,2840000000.0,47.23,1.75,17.71,nan,nan,0.6,300080000.0,0.2,0.76,0.2,0.76,1.01,74.07,79870000.0,11320000000.0
AMK,nan,nan,24.36,1746000000.0,168.67,21.35,0.79,4.33,2.06,4.42,34.92,2.56,10.46,nan,nan,403440000.0,5.57,18.5,138310000.0,51100000.0,0.14,1.0,nan,83610000.0,1.15,121640000.0,14.35,2.77,11.71,52310000.0,nan,nan,72400000.0,nan,nan,nan,nan,nan,0.0,10340000.0,1780000000.0
AMKR,Technology,Semiconductor - Integrated Circuits,13.0,3116000000.0,62.18,18.83,3.03,0.79,1.67,1.0,5.4,1.26,4.88,2.71,2.79,3960000000.0,16.52,-5.3,710570000.0,733970000.0,0.21,2.875,-4.6,598750000.0,2.5,1420000000.0,75.34,1.68,7.77,519520000.0,293880.0,2.0,239780000.0,nan,nan,nan,nan,nan,0.0,50040000.0,3970000000.0
AMNB,Financial,Regional - Mid-Atlantic Banks,37.43,413415000.0,20.08,12.61,4.31,4.81,1.3,4.12,nan,21.47,42.81,0.87,6.93,86000000.0,8.66,36.6,72470000.0,nan,1.85,1.0263,50.3,142620000.0,12.83,83470000.0,nan,nan,28.54,21350000.0,nan,1.06,11110000.0,1.08,2.9,1.02,2.74,3.12,54.55,18470000.0,354270000.0
AMOT,Industrial Goods,Industrial Electrical Equipment,43.79,414813000.0,25.25,19.12,0.75,1.16,3.65,1.51,12.94,4.53,7.72,6.5,15.09,357120000.0,38.12,20.7,91400000.0,41780000.0,1.71,1.225,-5.0,8580000.0,0.89,134330000.0,118.04,2.49,11.85,23170000.0,5540000.0,1.51,9600000.0,0.12,0.28,0.12,0.28,0.38,7.02,16170000.000000002,540560000.0
AMP,Financial,Asset Management,160.55,20293000000.0,11.31,9.03,0.9,1.56,3.4,1.44,5.18,15.15,26.35,1.45,33.9,12990000000.0,94.71,1.1,6660000000.0,3600000000.0,14.17,1.0073,8.0,7360000000.0,58.11,5740000000.0,95.65,2.41,47.07,4059999999.9999995,1770000000.0,1.84,126700000.0,3.88,2.44,3.74,2.35,2.42,26.43,1970000000.0,18670000000.0
AMPE,nan,nan,0.0,63220000.0,nan,-2.34,nan,nan,13.74,nan,-4.47,0.0,0.0,-55.36,-347.81,nan,nan,nan,nan,-12680000.0,-0.078,1.25,nan,8039999.999999999,0.05,1530000.0,36.97,4.15,0.03,-12960000.0,-7740000.0,0.86,158640000.0,nan,nan,nan,nan,nan,0.0,-11080000.0,56710000.0
AMPH,Healthcare,Drug Manufacturers - Other,17.14,808272000.0,16.28,26.49,1.98,2.46,2.09,2.49,42.16,15.77,0.53,0.21,12.25,328660000.0,7.02,6.1,106980000.0,19430000.0,1.06,1.4286,-45.2,98280000.0,2.09,65080000.0,15.01,3.11,8.25,45630000.0,-53660000.0,1.15,46940000.0,nan,nan,nan,nan,nan,0.0,51830000.0,819320000.0
AMPY,nan,nan,6.15,242106000.0,2.29,nan,nan,0.89,0.51,1.89,2.98,26.18,42.51,8.27,16.81,273350000.0,10.61,-14.7,202510000.0,173660000.0,2.68,0.3462,nan,7410000.0,0.19,282950000.0,58.94,1.29,12.01,51060000.0,-13940000.0,nan,39430000.0,0.8,12.86,0.2,3.27,nan,18.52,69140000.0,517640000.0
AMRB,Financial,Regional - Pacific Banks,14.65,85848000.0,16.72,13.23,1.01,3.63,1.03,3.16,nan,21.63,29.7,0.74,6.62,23660000.0,4.05,11.5,21980000.0,nan,0.87,1.125,36.3,29380000.0,5.02,18520000.0,nan,nan,14.16,7540000.0,nan,0.21,5900000.0,0.28,1.91,0.22,1.56,nan,25.29,5120000.0,74840000.0
AMRC,Services,Technical Services,16.25,761466000.0,22.83,17.04,0.84,0.98,1.89,1.64,14.16,4.35,6.77,2.88,7.47,777690000.0,16.78,3.2,173610000.0,90280000.0,0.71,0.6923,-17.1,34100000.0,0.73,518520000.0,119.45,1.38,8.55,-141880000.0,-108060000.0,0.38,29030000.0,nan,nan,nan,nan,nan,0.0,33830000.0,1280000000.0
AMRH,nan,nan,0.1209,7614000.0,nan,nan,nan,0.19,0.57,0.28,-3.29,-55.53,-14.12,-10.0,-105.4,41130000.0,0.88,-13.5,8980000.0,-3480000.0,-0.503,8.0,-99.3,499690.0,0.01,4430000.0,33.46,0.65,0.21,-2980000.0,-790080.0,1.37,62820000.0,nan,nan,nan,nan,nan,0.0,-23260000.0,11480000.0
AMRK,Financial,Investment Brokerage - National,10.52,74533000.0,88.33,nan,nan,0.02,1.07,0.15,465.3,0.02,-0.03,-0.1,1.57,4700000000.0,668.3,-5.4,31960000.0,1550000.0,0.12,0.125,-91.4,12460000.0,1.77,657910000.0,900.81,1.19,9.95,-66709999.99999999,-115610000.0,-0.0,7030000.0,nan,nan,0.0,0.0,nan,0.0,872000.0,720290000.0
AMRN,Healthcare,Drug Manufacturers - Other,23.25,8621000000.0,nan,800.67,-6.48,23.7,14.96,22.1,-132.16,-17.42,-16.92,-7.14,-23.34,363810000.0,1.1,103.2,174670000.0,-60830000.0,-0.19,0.25,nan,673210000.0,1.88,69600000.0,11.68,3.69,1.61,-32729999.999999996,-12340000.0,1.14,358910000.0,nan,nan,nan,nan,nan,0.0,-63380000.0,8039999999.999999
AMRS,Basic Materials,Specialty Chemicals,3.89,407242000.0,nan,-14.3,-0.06,3.17,nan,4.94,-4.84,-165.5,-105.0,-67.19,nan,128389999.99999999,1.47,144.2,-41820000.0,-131150000.0,-2.756,0.9623,nan,1630000.0,0.01,227690000.0,nan,0.35,-2.07,-133389999.99999999,-68970000.0,0.93,105500000.0,nan,nan,nan,nan,nan,0.0,-240060000.0,634230000.0
AMRX,Healthcare,Drug Related Products,2.75,856430000.0,nan,6.11,1.44,0.5,1.69,1.8,9.86,-19.61,4.54,1.18,-85.28,1730000000.0,13.44,-20.6,736810000.0,315150000.0,-2.635,0.2857,nan,212740000.0,1.59,2770000000.0,700.76,2.25,1.63,312240000.0,310760000.0,nan,134100000.0,nan,nan,nan,nan,nan,0.0,-338560000.0,3110000000.0
AMSC,Industrial Goods,Industrial Electrical Equipment,7.58,169336000.0,338.26,-11.44,-0.34,3.0,2.21,2.13,-7.86,8.1,-35.15,-11.14,6.21,56510000.0,2.76,-5.8,14020000.0,-15300000.0,0.02,0.2188,nan,52830000.0,2.43,3660000.0,4.78,2.97,3.52,8630000.0,-7270000.0,1.07,21770000.0,nan,nan,nan,nan,nan,0.0,4580000.0,120170000.0
AMSF,Financial,Property & Casualty Insurance,66.36,1263000000.0,16.32,20.52,1.75,3.39,2.69,2.99,11.6,20.77,25.56,3.77,16.7,373100000.0,19.39,-2.2,114070000.0,96300000.0,4.01,1.3625,8.6,146830000.0,7.61,536000.0,0.11,2.21,24.29,90000000.0,135880000.0,0.54,19300000.0,1.0,1.51,0.97,1.46,1.27,24.19,77480000.0,1120000000.0
AMSWA,Technology,Application Software,17.01,529782000.00000006,80.05,62.56,5.64,4.87,4.64,4.11,52.06,6.05,5.03,2.13,5.72,108690000.0,3.5,-0.1,56740000.0,8570000.0,0.21,1.0,-16.8,86310000.0,2.75,2730000.0,2.39,2.6,3.64,24380000.0,7770000.0,0.52,29530000.0,0.44,2.61,0.44,2.59,3.84,209.52,6570000.0,446190000.0
AMT,Financial,REIT - Diversified,212.21,94510000000.0,59.25,47.63,2.27,12.13,18.03,15.75,25.14,20.58,39.98,5.38,24.75,7790000000.0,17.63,9.4,5260000000.0,4880000000.0,3.6,1.1789,35.9,1350000000.0,3.05,28410000000.0,445.95,0.49,11.83,4019999999.9999995,4240000000.0,0.44,442940000.0,3.61,1.7,3.61,1.7,1.77,100.28,1600000000.0,122690000000.0
AMTB,nan,nan,21.07,808296000.0,16.97,20.29,nan,2.93,1.08,7.46,nan,18.99,28.62,0.64,6.73,275410000.0,6.47,1.4,271660000.0,nan,1.22,1.0,3.3,116920000.0,2.71,1280000000.0,nan,nan,19.11,97330000.0,nan,nan,28990000.0,nan,nan,0.94,4.5,nan,0.0,52290000.0,2060000000.0
AMTD,Financial,Investment Brokerage - National,40.42,22325000000.0,10.28,13.34,-2.18,3.8,2.54,2.3,nan,37.6,49.0,5.43,26.44,5870000000.0,10.58,11.0,5510000000.0,nan,3.96,1.0714,21.1,12140000000.0,22.41,3600000000.0,41.35,1.14,15.99,7620000000.0,nan,1.18,548520000.0,1.24,3.08,1.2,2.98,1.78,30.3,2210000000.0,13500000000.0
AMTX,Basic Materials,Specialty Chemicals,1.07,20570000.0,nan,-0.87,nan,0.11,nan,1.18,-27.19,-21.41,-6.74,-8.44,nan,188740000.0,9.25,28.6,5410000.0,-8189999.999999999,-1.98,1.069,nan,919000.0,0.05,210550000.0,nan,0.22,-6.77,-3280000.0,-9190000.0,0.17,20570000.0,nan,nan,nan,nan,nan,0.0,-40420000.0,222630000.0
AMWD,Consumer Goods,Home Furnishings & Fixtures,102.86,1708000000.0,20.19,12.37,1.61,1.04,2.62,1.45,10.17,5.22,8.83,5.63,13.61,1640000000.0,96.0,-0.4,346470000.0,234250000.0,5.0,1.0867,8.5,71550000.0,4.23,746610000.0,114.66,1.76,38.49,200520000.0,180610000.0,2.22,16920000.0,nan,nan,nan,nan,nan,0.0,85800000.0,2380000000.0
AMX,Technology,Wireless Communications,15.86,51824000000.0,39.65,13.56,0.81,nan,7.14,nan,nan,5.96,0.0,6.15,29.4,nan,nan,0.2,529390000000.0,nan,0.4,0.7407,-31.0,nan,nan,nan,309.8,0.68,2.22,nan,nan,0.43,3300000000.0,0.36,2.24,0.02,0.1,2.04,36.87,nan,52340000000.0
AN,Services,Auto Dealerships,53.05,4727000000.0,12.44,11.2,11.07,0.22,1.58,0.51,11.34,1.82,3.65,4.71,13.75,21200000000.0,235.15,2.1,3400000000.0,950400000.0,4.26,1.0476,-11.2,45000000.0,0.5,6090000000.0,203.33,0.85,33.59,641400000.0,281040000.0,1.04,89210000.0,nan,nan,nan,nan,nan,0.0,386000000.0,10780000000.0
ANAB,nan,nan,10.93,301182000.0,nan,-2.73,nan,60.24,0.71,-23.0,1.1,0.0,-2096.74,-13.45,-20.44,5000000.0,0.19,nan,-51200000.0,-104360000.0,-3.49,1.0,nan,421000000.0,15.52,4800000.0,1.14,14.28,15.53,-66000000.0,-36380000.0,1.5,27130000.0,nan,nan,nan,nan,nan,0.0,-94070000.0,-115020000.0
ANAT,Financial,Property & Casualty Insurance,122.12,3220000000.0,9.69,nan,nan,0.91,0.55,0.72,7.02,9.4,8.75,0.69,6.12,3530000000.0,131.36,-11.4,638170000.0,362690000.0,12.34,nan,-46.9,835250000.0,31.08,159040000.0,2.73,0.6,216.79,526159999.99999994,195570000.0,0.7,26890000.0,3.28,2.74,3.28,2.69,2.78,26.6,331860000.0,2550000000.0
ANCN,nan,nan,1.5232,14246000.0,nan,-2.37,nan,nan,0.57,nan,0.74,0.0,0.0,-36.65,-179.82,nan,nan,nan,nan,-15280000.0,-5.214,0.3125,nan,27010000.0,3.64,1540000.0,6.18,8.61,3.35,-16930000.0,-17090000.0,nan,7420000.0,nan,nan,nan,nan,nan,0.0,-24700000.0,-11230000.0
ANDE,Consumer Goods,Farm Products,23.48,754690000.0,20.82,12.58,2.59,0.11,0.79,0.29,9.6,0.5,1.29,2.11,3.57,7100000000.0,225.45,189.2,302000000.0,212470000.0,1.11,0.9286,nan,21300000.0,0.66,1260000000.0,124.88,1.4,29.25,255280000.0,-465280000.0,1.19,32600000.0,0.68,2.94,0.68,2.9,1.81,57.14,35410000.0,2040000000.0
ANET,Technology,Diversified Computer Systems,192.48,14716000000.0,20.3,21.35,2.21,6.0,5.54,5.04,14.43,31.36,33.7,16.1,33.44,2450000000.0,32.25,16.2,1370000000.0,857280000.0,9.49,1.1162,24.0,2450000000.0,32.03,102640000.0,3.87,5.91,34.78,931690000.0,604250000.0,1.59,76400000.0,nan,nan,nan,nan,nan,0.0,769080000.0,12370000000.0
ANF,Services,Apparel Stores,18.09,1160000000.0,17.67,14.3,-3.29,0.32,1.17,0.68,7.79,1.96,4.03,3.2,7.01,3590000000.0,54.3,-0.2,2160000000.0,311290000.0,1.04,0.9057,nan,499760000.0,7.95,1750000000.0,174.89,1.48,15.71,266350000.00000003,18140000.0,0.95,63150000.0,0.8,4.46,0.8,4.46,4.33,80.0,70560000.0,2430000000.0
ANFI,Consumer Goods,Food - Major Diversified,0.43,15385000.0,nan,0.87,nan,0.05,0.1,0.76,-11.91,-40.9,-6.79,-2.63,-59.25,313800000.0,8.47,-45.9,73270000.0,-19950000.0,-3.466,1.0,nan,8740000.0,0.18,212690000.0,109.25,1.82,3.78,-34450000.0,142970000.0,2.3,40360000.0,nan,nan,nan,nan,nan,0.0,-128350000.0,237680000.0
ANGI,Technology,Internet Software & Services,7.62,3786000000.0,53.79,94.13,2.11,2.95,2.87,2.96,19.35,5.58,8.26,3.76,5.8,1280000000.0,2.55,17.9,1080000000.0,196120000.0,0.14,2.0,-32.4,402910000.0,0.8,379940000.0,28.05,2.2,2.63,252070000.0,191360000.0,1.63,81230000.0,nan,nan,nan,nan,nan,0.0,71620000.0,3790000000.0
ANGO,Healthcare,Medical Instruments & Supplies,15.2,580851000.0,9.6,81.26,8.58,2.13,0.96,1.84,19.05,22.19,0.32,0.08,-1.16,272730000.0,7.25,3.3,156000000.0,26360000.0,1.61,2.0,nan,83650000.0,2.22,5090000.0,0.83,3.53,16.16,39780000.0,45080000.0,0.63,37620000.0,nan,nan,nan,nan,nan,0.0,-6720000.0,502300000.0
ANH,Financial,REIT - Diversified,3.36,334101000.0,nan,7.19,-2.13,-3.11,0.76,-41.31,nan,0.0,112.77,-2.45,-20.52,-107400000.0,-1.09,nan,6960000.0,nan,-1.328,0.8,nan,16329999.999999998,0.17,3960000000.0,711.03,0.22,4.45,38160000.0,nan,0.56,98850000.0,0.4,11.9,0.47,13.99,12.07,nan,-130280000.0,4440000000.0
ANIK,Healthcare,Biotechnology,60.11,856307000.0,27.81,37.04,3.07,7.66,3.04,6.31,16.17,27.6,33.73,8.0,11.5,111790000.0,7.93,10.9,74280000.0,43650000.0,2.16,1.641,21.1,173210000.0,12.14,22710000.0,8.06,19.99,19.74,34000000.0,28660000.0,1.07,14270000.0,nan,nan,nan,nan,nan,0.0,30860000.0,705810000.0
ANIP,nan,nan,56.03,673952000.0,41.69,10.99,4.93,3.12,3.11,3.7,10.07,7.58,16.44,4.95,8.07,215700000.0,18.28,1.3,136050000.0,79200000.0,1.34,0.8601,-22.7,59670000.0,5.02,194850000.0,91.42,1.07,17.94,68060000.0,35900000.0,2.2,12080000.0,nan,nan,nan,nan,nan,0.0,16140000.0,797710000.0
ANIX,nan,nan,3.85,77596000.0,nan,-4.27,nan,310.38,13.33,282.8,-5.19,0.0,-5666.94,-125.28,-261.16,250000.0,0.01,nan,344090.0,-13630000.0,-0.766,0.4783,nan,6500000.0,0.32,nan,nan,4.59,0.29,-4430000.0,635440.0,0.8,20100000.0,nan,nan,nan,nan,nan,0.0,-14860000.0,70700000.0
ANSS,Technology,Application Software,230.13,20104000000.0,45.81,34.43,5.23,13.91,6.77,13.27,33.63,30.35,35.7,9.72,16.03,1450000000.0,17.23,18.8,1160000000.0,570090000.0,5.13,1.127,0.1,732900000.0,8.7,107830000.0,3.69,2.55,34.73,493420000.0,431880000.0,1.38,85490000.0,nan,nan,nan,nan,nan,0.0,438610000.0,19170000000.0
ANTM,Healthcare,Health Care Plans,281.79,75516000000.0,18.15,13.12,0.79,0.75,2.41,0.7,10.44,4.29,6.14,5.05,14.23,100170000000.0,390.01,14.7,20200000000.0,6740000000.0,16.41,1.0104,23.2,26460000000.0,104.35,21330000000.0,68.09,1.7,123.46,5200000000.0,1130000000.0,0.75,253560000.0,3.2,1.13,3.15,1.12,1.41,19.16,4300000000.0,70390000000.0
ANY,Technology,Application Software,1.0,3696000.0,nan,nan,nan,-0.49,nan,-1.41,-1.36,0.0,93.33,-10.67,nan,-7470000.0,-3.23,-91.4,1680000.0,-7780000.0,-4.819,0.447,nan,129000.0,0.04,1840000.0,nan,0.26,-2.23,-4850000.0,-4920000.0,nan,3660000.0,nan,nan,nan,nan,nan,0.0,-1300000.0,10550000.0
AOBC,nan,nan,8.49,465985000.0,56.29,9.44,0.78,0.75,1.05,1.07,7.38,1.39,5.8,3.01,1.99,623110000.0,11.41,-10.9,226230000.0,90430000.0,0.15,0.4286,nan,30730000.0,0.56,232390000.0,52.45,1.87,8.08,17670000.0,-16649999.999999998,0.26,54820000.0,nan,nan,nan,nan,nan,0.0,8660000.0,667650000.0
AON,Financial,Insurance Brokers,199.0,46525000000.0,32.12,19.24,1.79,4.27,13.32,4.99,16.88,13.79,24.93,6.32,37.42,10900000000.0,45.32,1.3,4780000000.0,3220000000.0,6.19,1.014,51.0,683000000.0,2.92,8490000000.0,238.42,1.03,14.92,1870000000.0,1810000000.0,0.85,234140000.0,1.76,0.89,1.68,0.85,1.06,28.43,1440000000.0,54400000000.0
AOS,Industrial Goods,Industrial Electrical Equipment,51.94,8282999999.999999,21.12,20.07,3.89,2.71,5.0,2.66,13.85,13.26,16.73,10.48,23.74,3050000000.0,18.28,-3.4,1310000000.0,587700000.0,2.4,1.0,-16.5,513799999.99999994,3.15,371000000.0,22.4,2.06,10.15,439700000.0,288180000.0,1.49,137060000.0,0.96,1.86,0.88,1.71,1.17,36.67,405000000.0,8140000000.000001
AP,Industrial Goods,Diversified Machinery,3.74,47788000.0,nan,126.0,nan,0.12,0.87,0.31,11.58,-21.25,-2.17,-1.03,-51.91,396710000.0,31.6,-8.0,67590000.0,10760000.0,-6.716,1.0182,nan,9830000.0,0.78,80500000.0,131.49,1.53,4.36,-10530000.0,29060000.0,1.16,12640000.0,nan,nan,0.0,0.0,nan,0.0,-56590000.0,124610000.0
APA,Basic Materials,Independent Oil & Gas,23.64,8991000000.0,nan,239.1,2.61,1.44,1.43,3.17,5.23,-15.31,8.82,1.59,-9.0,6260000000.0,16.57,-26.2,5630000000.0,3790000000.0,-2.54,1.5263,nan,163000000.0,0.43,8710000000.0,102.49,1.03,16.76,3130000000.0,155380000.0,1.87,376040000.0,1.0,4.27,1.0,4.27,2.36,nan,-958000000.0,19840000000.0
APAM,Financial,Asset Management,28.76,2199000000.0,11.54,10.24,-11.25,2.81,13.4,2.25,6.37,18.47,34.58,18.35,133.74,782190000.0,15.45,-4.6,415470000.0,276460000.0,2.45,1.0,-3.0,173300000.0,3.08,301900000.0,186.73,2.27,2.11,266660000.00000003,197780000.0,1.84,56260000.0,2.6,9.2,2.31,8.1,7.44,94.67,124000000.0,1760000000.0
APD,Basic Materials,Chemicals - Major Diversified,239.52,53088000000.0,30.34,22.81,2.16,5.95,4.81,6.1,16.76,19.73,24.27,7.1,16.04,8920000000.0,40.49,-0.7,2940000000.0,3250000000.0,7.94,0.9913,11.1,2410000000.0,10.94,3330000000.0,29.2,2.54,50.08,2970000000.0,123170000.0,0.88,220360000.0,4.64,1.95,4.58,1.92,2.35,57.68,1760000000.0,54420000000.0
APDN,Technology,Security Software & Services,4.9,5318000.0,nan,-1.38,nan,1.08,nan,1.29,-0.62,-221.4,-218.38,-139.76,-1713.02,4910000.0,5.82,102.0,2700000.0,-10280000.0,-12.885,1.6,nan,507150.0,0.49,2220000.0,nan,0.81,-1.87,-7590000.0,-4230000.0,0.15,1200000.0,nan,nan,nan,nan,nan,0.0,-10870000.0,6320000.0
APEI,Services,Education & Training Services,27.0,408360000.0,33.03,25.02,16.25,1.41,1.38,0.73,5.36,4.64,8.01,4.02,4.38,288820000.0,17.66,-7.0,185220000.0,39240000.0,0.8,nan,nan,208800000.0,13.56,10670000.0,3.55,5.03,19.25,50560000.0,32680000.0,0.93,15400000.0,nan,nan,nan,nan,nan,0.0,13390000.0,210230000.0
APEN,nan,nan,3.0,60738000.0,nan,-2.3,nan,1.13,6.11,1.48,-3.07,-71.59,-58.04,-21.27,-136.44,53910000.0,2.47,-20.4,33189999.999999996,-25910000.0,-1.771,0.9524,nan,34970000.0,1.67,54900000.0,551.78,2.87,0.47,-23150000.0,-16340000.0,1.04,20940000.0,nan,nan,nan,nan,nan,0.0,-38590000.0,79620000.0
APEX,nan,nan,1.03,5577000.0,nan,nan,nan,0.25,0.46,2.82,7.76,-17.93,31.64,4.67,-31.14,22620000.0,4.52,-20.8,24440000.0,8220000.000000001,-0.81,1.0,nan,1130000.0,0.2,59290000.0,485.54,0.69,2.21,-9710000.0,-6450000.0,1.27,5520000.0,nan,nan,nan,nan,nan,0.0,-4059999.9999999995,63800000.0
APH,Technology,Diversified Electronics,101.65,30316000000.0,26.82,25.69,5.82,3.65,7.29,4.04,16.64,14.15,20.17,10.24,28.66,8300000000.000001,27.84,-1.3,2650000000.0,2009999999.9999998,3.81,1.092,-11.5,986700000.0,3.33,4139999999.9999995,98.21,1.99,14.03,1460000000.0,978800000.0,1.04,296490000.0,1.0,0.99,0.94,0.93,0.89,24.67,1170000000.0,33520000000.000004
APLE,nan,nan,16.21,3600000000.0,20.02,20.1,nan,2.83,1.08,4.07,11.85,14.2,19.35,3.09,5.25,1270000000.0,5.66,-0.1,574450000.0,437000000.0,0.8,0.875,-25.6,1380000.0,0.01,1580000000.0,47.48,1.0,14.86,399450000.0,296000000.0,0.83,223860000.0,1.2,7.42,1.2,7.42,nan,150.0,180620000.0,5180000000.0
APLS,nan,nan,27.55,1756000000.0,nan,-5.92,nan,nan,12.58,nan,nan,0.0,0.0,-38.85,-136.13,nan,nan,nan,nan,nan,-3.48,1.0891,nan,433990000.0,6.79,154170000.0,110.47,10.12,2.18,-173540000.0,-96110000.0,0.73,63890000.0,nan,nan,nan,nan,nan,0.0,-228370000.0,1480000000.0
APLT,nan,nan,14.36,257012999.99999997,nan,-5.4,nan,nan,8.36,nan,nan,0.0,0.0,nan,nan,nan,nan,nan,nan,nan,-2.9,1.2857,nan,32950000.000000004,1.92,nan,nan,5.68,1.79,-29770000.0,nan,nan,17130000.0,nan,nan,nan,nan,nan,0.0,-34600000.0,224060000.0
APM,nan,nan,15.83,460206000.0,nan,nan,nan,771.41,18.45,759.86,-35.91,0.0,-2289.97,-25.79,-79.27,596580.0,0.02,799.4,65440.0,-12620000.0,-0.65,nan,nan,6140000.0,0.21,166140.0,0.69,12.97,0.86,-11050000.0,-323690.0,nan,6600000.0,nan,nan,nan,nan,nan,0.0,-18430000.0,453320000.0
APO,Financial,Diversified Investments,43.95,17696000000.0,21.13,15.15,1.66,9.74,8.07,7.43,nan,26.97,41.66,10.65,27.45,1820000000.0,9.01,34.3,1030000000.0,nan,2.08,0.9643,111.8,1280000000.0,5.78,3390000000.0,119.09,2.05,5.44,878380000.0,nan,1.5,222460000.0,2.0,4.55,1.06,2.43,7.23,96.12,419290000.0,13510000000.0
APOG,Industrial Goods,General Building Materials,38.18,1018000000.0,23.34,10.71,0.84,0.72,2.02,0.94,11.8,3.14,4.71,3.77,8.55,1420000000.0,52.48,-1.4,293560000.0,112850000.0,1.64,1.125,-6.0,13810000.0,0.52,326920000.0,64.98,1.05,18.94,66300000.0,-9260000.0,1.67,26550000.0,0.7,1.83,0.68,1.8,1.21,40.87,44530000.0,1330000000.0
APOP,nan,nan,2.65,343712.0,nan,nan,nan,nan,3.88,nan,nan,0.0,0.0,-56.67,-74.81,nan,nan,nan,nan,nan,-0.854,5.1786,nan,nan,nan,nan,6.09,6.01,0.69,nan,nan,1.85,448180.0,nan,nan,nan,nan,nan,0.0,nan,6010000.0
APPF,Technology,Application Software,102.25,3476000000.0,105.3,208.24,4.11,14.54,27.71,14.68,197.49,14.44,4.48,3.62,29.52,239020000.0,7.03,35.5,117620000.0,17760000.0,0.97,1.5556,-9.9,40480000.0,1.19,72310000.0,57.66,1.53,3.68,35080000.0,21550000.0,1.16,16399999.999999998,nan,nan,nan,nan,nan,0.0,34500000.0,3510000000.0
APPN,nan,nan,43.27,2945000000.0,nan,-121.81,nan,11.5,19.27,10.87,-59.87,-20.8,-19.65,-11.96,-45.4,256089999.99999997,3.96,26.3,141820000.0,-46490000.0,-0.82,0.9333,nan,165550000.0,2.46,4190000.0000000005,2.74,2.06,2.28,-10330000.0,-48260000.0,0.97,34210000.0,nan,nan,nan,nan,nan,0.0,-53260000.0,2780000000.0
APPS,Technology,Application Software,8.2,683085000.0,nan,34.61,1.44,5.65,13.99,5.46,57.15,-9.47,8.72,7.2,-27.02,120950000.0,1.5,37.5,35560000.0,11560000.0,-0.15,1.6667,nan,25150000.0,0.29,2770000.0,5.7,1.04,0.57,16100000.000000002,16910000.0,1.42,85810000.0,nan,nan,nan,nan,nan,0.0,-10910000.0,660800000.0
APRE,nan,nan,26.15,626566000.0,nan,-15.08,nan,nan,nan,nan,-30.86,0.0,0.0,nan,nan,nan,nan,nan,nan,-22450000.0,-26.67,nan,nan,52330000.0,2.49,585260.0,1.24,5.92,-59.91,-20060000.0,nan,nan,20990000.0,nan,nan,nan,nan,nan,0.0,-19670000.0,693010000.0
APRN,nan,nan,7.15,96947000.0,nan,-1.88,0.06,0.19,1.11,0.33,-9.82,-12.55,-9.97,-8.35,-55.3,501280000.0,38.5,-33.9,234100000.0,-16880000.0,-4.83,1.0051,nan,85870000.0,6.52,154620000.0,176.74,1.35,6.64,-28190000.0,-17560000.0,1.08,7610000.0,nan,nan,nan,nan,nan,0.0,-62920000.0,165710000.0
APT,Industrial Goods,General Building Materials,0.0,44272000.0,13.77,nan,nan,0.95,1.33,0.89,11.34,7.03,6.81,5.55,10.06,46710000.0,3.51,-0.6,17710000.0,3690000.0,0.247,nan,-71.6,5450000.0,0.42,2960000.0,8.91,12.2,2.56,2029999.9999999998,-721500.0,0.7,13020000.0,nan,nan,nan,nan,nan,0.0,3280000.0,41780000.0
APTO,nan,nan,2.45,131615000.00000001,nan,-4.43,nan,nan,4.84,nan,-5.13,0.0,0.0,-52.04,-120.08,nan,nan,nan,nan,-20160000.0,-0.554,0.7333,nan,30210000.0,0.55,1640000.0,5.97,7.83,0.49,-20830000.0,-9070000.0,0.58,55490000.0,nan,nan,nan,nan,nan,0.0,-24830000.0,103480000.0
APTS,Financial,REIT - Residential,13.4,623508000.0,nan,-4.81,-0.72,1.38,0.33,8.3,13.73,4.58,21.77,1.3,1.25,450240000.0,10.44,15.3,251650000.0,271990000.0,-1.99,1.0758,nan,86180000.0,1.88,3200000000.0,171.65,2.0,41.09,157840000.0,217680000.0,0.49,45810000.0,1.05,7.71,1.04,7.83,6.11,nan,-85860000.0,3740000000.0
APTV,Consumer Goods,Auto Parts,93.16,23566000000.0,23.8,16.69,2.07,1.64,6.62,1.96,13.09,6.99,10.13,7.22,27.01,14400000000.0,55.67,2.1,2730000000.0,2160000000.0,3.88,1.0079,10.8,341000000.0,1.34,4800000000.0,127.06,1.39,13.94,1680000000.0,144880000.0,2.03,255290000.0,0.88,0.95,0.88,0.95,1.3,22.68,1010000000.0,28240000000.0
APTX,nan,nan,3.27,112154000.0,nan,-1.75,nan,29.59,0.99,-0.54,0.04,0.0,-1586.02,-25.87,-42.0,3790000.0,0.11,-0.7,-42210000.0,-59640000.0,-1.724,1.0,nan,114210000.0,3.39,nan,nan,16.75,3.35,-51610000.0,-32049999.999999996,nan,33680000.0,nan,nan,nan,nan,nan,0.0,-57730000.0,-2060000.0
APVO,nan,nan,0.6178,27937000.0,nan,-0.87,nan,0.94,1.42,1.16,-0.75,-156.03,-163.01,-43.44,-155.79,29740000.0,0.85,54.7,-23530000.0,-46170000.0,-1.319,0.6667,nan,17680000.0,0.39,24220000.0,122.65,0.99,0.44,-44580000.0,-21580000.0,2.45,45280000.0,nan,nan,nan,nan,nan,0.0,-49650000.0,34470000.0
APY,nan,nan,25.72,1985000000.0,24.17,22.67,28.85,1.66,1.9,2.12,8.77,6.87,13.92,5.26,8.26,1200000000.0,15.47,-12.0,420990000.0,289070000.0,1.06,0.8438,-46.0,40630000.0,0.52,588580000.0,56.31,2.58,13.45,194260000.0,174570000.0,nan,77460000.0,nan,nan,nan,nan,nan,0.0,82280000.0,2540000000.0
APYX,nan,nan,7.9,251094000.0,nan,-11.92,-0.82,9.77,3.27,7.45,-10.29,-69.49,-75.28,-12.09,-20.5,25700000.0,0.76,106.3,10790000.0,-18590000.0,-0.53,0.7222,nan,62270000.0,1.82,1130000.0,1.47,8.73,2.26,-33270000.000000004,-28520000.0,0.09,33980000.0,nan,nan,nan,nan,nan,0.0,-17230000.0,191360000.0
